Date_key,Date,Day_of_week,Year,Month,Day,Week,Weekend,season
0,2015-01-01,3,2015,1,1,1,0,1
1,2015-01-02,4,2015,1,2,1,0,1
2,2015-01-03,5,2015,1,3,1,0,1
3,2015-01-04,6,2015,1,4,1,1,1
4,2015-01-05,0,2015,1,5,2,1,1
5,2015-01-06,1,2015,1,6,2,0,1
6,2015-01-07,2,2015,1,7,2,0,1
7,2015-01-08,3,2015,1,8,2,0,1
8,2015-01-09,4,2015,1,9,2,0,1
9,2015-01-10,5,2015,1,10,2,0,1
10,2015-01-11,6,2015,1,11,2,1,1
11,2015-01-12,0,2015,1,12,3,1,1
12,2015-01-13,1,2015,1,13,3,0,1
13,2015-01-14,2,2015,1,14,3,0,1
14,2015-01-15,3,2015,1,15,3,0,1
15,2015-01-16,4,2015,1,16,3,0,1
16,2015-01-17,5,2015,1,17,3,0,1
17,2015-01-18,6,2015,1,18,3,1,1
18,2015-01-19,0,2015,1,19,4,1,1
19,2015-01-20,1,2015,1,20,4,0,1
20,2015-01-21,2,2015,1,21,4,0,1
21,2015-01-22,3,2015,1,22,4,0,1
22,2015-01-23,4,2015,1,23,4,0,1
23,2015-01-24,5,2015,1,24,4,0,1
24,2015-01-25,6,2015,1,25,4,1,1
25,2015-01-26,0,2015,1,26,5,1,1
26,2015-01-27,1,2015,1,27,5,0,1
27,2015-01-28,2,2015,1,28,5,0,1
28,2015-01-29,3,2015,1,29,5,0,1
29,2015-01-30,4,2015,1,30,5,0,1
30,2015-01-31,5,2015,1,31,5,0,1
31,2015-02-01,6,2015,2,1,5,1,1
32,2015-02-02,0,2015,2,2,6,1,1
33,2015-02-03,1,2015,2,3,6,0,1
34,2015-02-04,2,2015,2,4,6,0,1
35,2015-02-05,3,2015,2,5,6,0,1
36,2015-02-06,4,2015,2,6,6,0,1
37,2015-02-07,5,2015,2,7,6,0,1
38,2015-02-08,6,2015,2,8,6,1,1
39,2015-02-09,0,2015,2,9,7,1,1
40,2015-02-10,1,2015,2,10,7,0,1
41,2015-02-11,2,2015,2,11,7,0,1
42,2015-02-12,3,2015,2,12,7,0,1
43,2015-02-13,4,2015,2,13,7,0,1
44,2015-02-14,5,2015,2,14,7,0,1
45,2015-02-15,6,2015,2,15,7,1,1
46,2015-02-16,0,2015,2,16,8,1,1
47,2015-02-17,1,2015,2,17,8,0,1
48,2015-02-18,2,2015,2,18,8,0,1
49,2015-02-19,3,2015,2,19,8,0,1
50,2015-02-20,4,2015,2,20,8,0,1
51,2015-02-21,5,2015,2,21,8,0,1
52,2015-02-22,6,2015,2,22,8,1,1
53,2015-02-23,0,2015,2,23,9,1,1
54,2015-02-24,1,2015,2,24,9,0,1
55,2015-02-25,2,2015,2,25,9,0,1
56,2015-02-26,3,2015,2,26,9,0,1
57,2015-02-27,4,2015,2,27,9,0,1
58,2015-02-28,5,2015,2,28,9,0,1
59,2015-03-01,6,2015,3,1,9,1,2
60,2015-03-02,0,2015,3,2,10,1,2
61,2015-03-03,1,2015,3,3,10,0,2
62,2015-03-04,2,2015,3,4,10,0,2
63,2015-03-05,3,2015,3,5,10,0,2
64,2015-03-06,4,2015,3,6,10,0,2
65,2015-03-07,5,2015,3,7,10,0,2
66,2015-03-08,6,2015,3,8,10,1,2
67,2015-03-09,0,2015,3,9,11,1,2
68,2015-03-10,1,2015,3,10,11,0,2
69,2015-03-11,2,2015,3,11,11,0,2
70,2015-03-12,3,2015,3,12,11,0,2
71,2015-03-13,4,2015,3,13,11,0,2
72,2015-03-14,5,2015,3,14,11,0,2
73,2015-03-15,6,2015,3,15,11,1,2
74,2015-03-16,0,2015,3,16,12,1,2
75,2015-03-17,1,2015,3,17,12,0,2
76,2015-03-18,2,2015,3,18,12,0,2
77,2015-03-19,3,2015,3,19,12,0,2
78,2015-03-20,4,2015,3,20,12,0,2
79,2015-03-21,5,2015,3,21,12,0,2
80,2015-03-22,6,2015,3,22,12,1,2
81,2015-03-23,0,2015,3,23,13,1,2
82,2015-03-24,1,2015,3,24,13,0,2
83,2015-03-25,2,2015,3,25,13,0,2
84,2015-03-26,3,2015,3,26,13,0,2
85,2015-03-27,4,2015,3,27,13,0,2
86,2015-03-28,5,2015,3,28,13,0,2
87,2015-03-29,6,2015,3,29,13,1,2
88,2015-03-30,0,2015,3,30,14,1,2
89,2015-03-31,1,2015,3,31,14,0,2
90,2015-04-01,2,2015,4,1,14,0,2
91,2015-04-02,3,2015,4,2,14,0,2
92,2015-04-03,4,2015,4,3,14,0,2
93,2015-04-04,5,2015,4,4,14,0,2
94,2015-04-05,6,2015,4,5,14,1,2
95,2015-04-06,0,2015,4,6,15,1,2
96,2015-04-07,1,2015,4,7,15,0,2
97,2015-04-08,2,2015,4,8,15,0,2
98,2015-04-09,3,2015,4,9,15,0,2
99,2015-04-10,4,2015,4,10,15,0,2
100,2015-04-11,5,2015,4,11,15,0,2
101,2015-04-12,6,2015,4,12,15,1,2
102,2015-04-13,0,2015,4,13,16,1,2
103,2015-04-14,1,2015,4,14,16,0,2
104,2015-04-15,2,2015,4,15,16,0,2
105,2015-04-16,3,2015,4,16,16,0,2
106,2015-04-17,4,2015,4,17,16,0,2
107,2015-04-18,5,2015,4,18,16,0,2
108,2015-04-19,6,2015,4,19,16,1,2
109,2015-04-20,0,2015,4,20,17,1,2
110,2015-04-21,1,2015,4,21,17,0,2
111,2015-04-22,2,2015,4,22,17,0,2
112,2015-04-23,3,2015,4,23,17,0,2
113,2015-04-24,4,2015,4,24,17,0,2
114,2015-04-25,5,2015,4,25,17,0,2
115,2015-04-26,6,2015,4,26,17,1,2
116,2015-04-27,0,2015,4,27,18,1,2
117,2015-04-28,1,2015,4,28,18,0,2
118,2015-04-29,2,2015,4,29,18,0,2
119,2015-04-30,3,2015,4,30,18,0,2
120,2015-05-01,4,2015,5,1,18,0,2
121,2015-05-02,5,2015,5,2,18,0,2
122,2015-05-03,6,2015,5,3,18,1,2
123,2015-05-04,0,2015,5,4,19,1,2
124,2015-05-05,1,2015,5,5,19,0,2
125,2015-05-06,2,2015,5,6,19,0,2
126,2015-05-07,3,2015,5,7,19,0,2
127,2015-05-08,4,2015,5,8,19,0,2
128,2015-05-09,5,2015,5,9,19,0,2
129,2015-05-10,6,2015,5,10,19,1,2
130,2015-05-11,0,2015,5,11,20,1,2
131,2015-05-12,1,2015,5,12,20,0,2
132,2015-05-13,2,2015,5,13,20,0,2
133,2015-05-14,3,2015,5,14,20,0,2
134,2015-05-15,4,2015,5,15,20,0,2
135,2015-05-16,5,2015,5,16,20,0,2
136,2015-05-17,6,2015,5,17,20,1,2
137,2015-05-18,0,2015,5,18,21,1,2
138,2015-05-19,1,2015,5,19,21,0,2
139,2015-05-20,2,2015,5,20,21,0,2
140,2015-05-21,3,2015,5,21,21,0,2
141,2015-05-22,4,2015,5,22,21,0,2
142,2015-05-23,5,2015,5,23,21,0,2
143,2015-05-24,6,2015,5,24,21,1,2
144,2015-05-25,0,2015,5,25,22,1,2
145,2015-05-26,1,2015,5,26,22,0,2
146,2015-05-27,2,2015,5,27,22,0,2
147,2015-05-28,3,2015,5,28,22,0,2
148,2015-05-29,4,2015,5,29,22,0,2
149,2015-05-30,5,2015,5,30,22,0,2
150,2015-05-31,6,2015,5,31,22,1,2
151,2015-06-01,0,2015,6,1,23,1,3
152,2015-06-02,1,2015,6,2,23,0,3
153,2015-06-03,2,2015,6,3,23,0,3
154,2015-06-04,3,2015,6,4,23,0,3
155,2015-06-05,4,2015,6,5,23,0,3
156,2015-06-06,5,2015,6,6,23,0,3
157,2015-06-07,6,2015,6,7,23,1,3
158,2015-06-08,0,2015,6,8,24,1,3
159,2015-06-09,1,2015,6,9,24,0,3
160,2015-06-10,2,2015,6,10,24,0,3
161,2015-06-11,3,2015,6,11,24,0,3
162,2015-06-12,4,2015,6,12,24,0,3
163,2015-06-13,5,2015,6,13,24,0,3
164,2015-06-14,6,2015,6,14,24,1,3
165,2015-06-15,0,2015,6,15,25,1,3
166,2015-06-16,1,2015,6,16,25,0,3
167,2015-06-17,2,2015,6,17,25,0,3
168,2015-06-18,3,2015,6,18,25,0,3
169,2015-06-19,4,2015,6,19,25,0,3
170,2015-06-20,5,2015,6,20,25,0,3
171,2015-06-21,6,2015,6,21,25,1,3
172,2015-06-22,0,2015,6,22,26,1,3
173,2015-06-23,1,2015,6,23,26,0,3
174,2015-06-24,2,2015,6,24,26,0,3
175,2015-06-25,3,2015,6,25,26,0,3
176,2015-06-26,4,2015,6,26,26,0,3
177,2015-06-27,5,2015,6,27,26,0,3
178,2015-06-28,6,2015,6,28,26,1,3
179,2015-06-29,0,2015,6,29,27,1,3
180,2015-06-30,1,2015,6,30,27,0,3
181,2015-07-01,2,2015,7,1,27,0,3
182,2015-07-02,3,2015,7,2,27,0,3
183,2015-07-03,4,2015,7,3,27,0,3
184,2015-07-04,5,2015,7,4,27,0,3
185,2015-07-05,6,2015,7,5,27,1,3
186,2015-07-06,0,2015,7,6,28,1,3
187,2015-07-07,1,2015,7,7,28,0,3
188,2015-07-08,2,2015,7,8,28,0,3
189,2015-07-09,3,2015,7,9,28,0,3
190,2015-07-10,4,2015,7,10,28,0,3
191,2015-07-11,5,2015,7,11,28,0,3
192,2015-07-12,6,2015,7,12,28,1,3
193,2015-07-13,0,2015,7,13,29,1,3
194,2015-07-14,1,2015,7,14,29,0,3
195,2015-07-15,2,2015,7,15,29,0,3
196,2015-07-16,3,2015,7,16,29,0,3
197,2015-07-17,4,2015,7,17,29,0,3
198,2015-07-18,5,2015,7,18,29,0,3
199,2015-07-19,6,2015,7,19,29,1,3
200,2015-07-20,0,2015,7,20,30,1,3
201,2015-07-21,1,2015,7,21,30,0,3
202,2015-07-22,2,2015,7,22,30,0,3
203,2015-07-23,3,2015,7,23,30,0,3
204,2015-07-24,4,2015,7,24,30,0,3
205,2015-07-25,5,2015,7,25,30,0,3
206,2015-07-26,6,2015,7,26,30,1,3
207,2015-07-27,0,2015,7,27,31,1,3
208,2015-07-28,1,2015,7,28,31,0,3
209,2015-07-29,2,2015,7,29,31,0,3
210,2015-07-30,3,2015,7,30,31,0,3
211,2015-07-31,4,2015,7,31,31,0,3
212,2015-08-01,5,2015,8,1,31,0,3
213,2015-08-02,6,2015,8,2,31,1,3
214,2015-08-03,0,2015,8,3,32,1,3
215,2015-08-04,1,2015,8,4,32,0,3
216,2015-08-05,2,2015,8,5,32,0,3
217,2015-08-06,3,2015,8,6,32,0,3
218,2015-08-07,4,2015,8,7,32,0,3
219,2015-08-08,5,2015,8,8,32,0,3
220,2015-08-09,6,2015,8,9,32,1,3
221,2015-08-10,0,2015,8,10,33,1,3
222,2015-08-11,1,2015,8,11,33,0,3
223,2015-08-12,2,2015,8,12,33,0,3
224,2015-08-13,3,2015,8,13,33,0,3
225,2015-08-14,4,2015,8,14,33,0,3
226,2015-08-15,5,2015,8,15,33,0,3
227,2015-08-16,6,2015,8,16,33,1,3
228,2015-08-17,0,2015,8,17,34,1,3
229,2015-08-18,1,2015,8,18,34,0,3
230,2015-08-19,2,2015,8,19,34,0,3
231,2015-08-20,3,2015,8,20,34,0,3
232,2015-08-21,4,2015,8,21,34,0,3
233,2015-08-22,5,2015,8,22,34,0,3
234,2015-08-23,6,2015,8,23,34,1,3
235,2015-08-24,0,2015,8,24,35,1,3
236,2015-08-25,1,2015,8,25,35,0,3
237,2015-08-26,2,2015,8,26,35,0,3
238,2015-08-27,3,2015,8,27,35,0,3
239,2015-08-28,4,2015,8,28,35,0,3
240,2015-08-29,5,2015,8,29,35,0,3
241,2015-08-30,6,2015,8,30,35,1,3
242,2015-08-31,0,2015,8,31,36,1,3
243,2015-09-01,1,2015,9,1,36,0,4
244,2015-09-02,2,2015,9,2,36,0,4
245,2015-09-03,3,2015,9,3,36,0,4
246,2015-09-04,4,2015,9,4,36,0,4
247,2015-09-05,5,2015,9,5,36,0,4
248,2015-09-06,6,2015,9,6,36,1,4
249,2015-09-07,0,2015,9,7,37,1,4
250,2015-09-08,1,2015,9,8,37,0,4
251,2015-09-09,2,2015,9,9,37,0,4
252,2015-09-10,3,2015,9,10,37,0,4
253,2015-09-11,4,2015,9,11,37,0,4
254,2015-09-12,5,2015,9,12,37,0,4
255,2015-09-13,6,2015,9,13,37,1,4
256,2015-09-14,0,2015,9,14,38,1,4
257,2015-09-15,1,2015,9,15,38,0,4
258,2015-09-16,2,2015,9,16,38,0,4
259,2015-09-17,3,2015,9,17,38,0,4
260,2015-09-18,4,2015,9,18,38,0,4
261,2015-09-19,5,2015,9,19,38,0,4
262,2015-09-20,6,2015,9,20,38,1,4
263,2015-09-21,0,2015,9,21,39,1,4
264,2015-09-22,1,2015,9,22,39,0,4
265,2015-09-23,2,2015,9,23,39,0,4
266,2015-09-24,3,2015,9,24,39,0,4
267,2015-09-25,4,2015,9,25,39,0,4
268,2015-09-26,5,2015,9,26,39,0,4
269,2015-09-27,6,2015,9,27,39,1,4
270,2015-09-28,0,2015,9,28,40,1,4
271,2015-09-29,1,2015,9,29,40,0,4
272,2015-09-30,2,2015,9,30,40,0,4
273,2015-10-01,3,2015,10,1,40,0,4
274,2015-10-02,4,2015,10,2,40,0,4
275,2015-10-03,5,2015,10,3,40,0,4
276,2015-10-04,6,2015,10,4,40,1,4
277,2015-10-05,0,2015,10,5,41,1,4
278,2015-10-06,1,2015,10,6,41,0,4
279,2015-10-07,2,2015,10,7,41,0,4
280,2015-10-08,3,2015,10,8,41,0,4
281,2015-10-09,4,2015,10,9,41,0,4
282,2015-10-10,5,2015,10,10,41,0,4
283,2015-10-11,6,2015,10,11,41,1,4
284,2015-10-12,0,2015,10,12,42,1,4
285,2015-10-13,1,2015,10,13,42,0,4
286,2015-10-14,2,2015,10,14,42,0,4
287,2015-10-15,3,2015,10,15,42,0,4
288,2015-10-16,4,2015,10,16,42,0,4
289,2015-10-17,5,2015,10,17,42,0,4
290,2015-10-18,6,2015,10,18,42,1,4
291,2015-10-19,0,2015,10,19,43,1,4
292,2015-10-20,1,2015,10,20,43,0,4
293,2015-10-21,2,2015,10,21,43,0,4
294,2015-10-22,3,2015,10,22,43,0,4
295,2015-10-23,4,2015,10,23,43,0,4
296,2015-10-24,5,2015,10,24,43,0,4
297,2015-10-25,6,2015,10,25,43,1,4
298,2015-10-26,0,2015,10,26,44,1,4
299,2015-10-27,1,2015,10,27,44,0,4
300,2015-10-28,2,2015,10,28,44,0,4
301,2015-10-29,3,2015,10,29,44,0,4
302,2015-10-30,4,2015,10,30,44,0,4
303,2015-10-31,5,2015,10,31,44,0,4
304,2015-11-01,6,2015,11,1,44,1,4
305,2015-11-02,0,2015,11,2,45,1,4
306,2015-11-03,1,2015,11,3,45,0,4
307,2015-11-04,2,2015,11,4,45,0,4
308,2015-11-05,3,2015,11,5,45,0,4
309,2015-11-06,4,2015,11,6,45,0,4
310,2015-11-07,5,2015,11,7,45,0,4
311,2015-11-08,6,2015,11,8,45,1,4
312,2015-11-09,0,2015,11,9,46,1,4
313,2015-11-10,1,2015,11,10,46,0,4
314,2015-11-11,2,2015,11,11,46,0,4
315,2015-11-12,3,2015,11,12,46,0,4
316,2015-11-13,4,2015,11,13,46,0,4
317,2015-11-14,5,2015,11,14,46,0,4
318,2015-11-15,6,2015,11,15,46,1,4
319,2015-11-16,0,2015,11,16,47,1,4
320,2015-11-17,1,2015,11,17,47,0,4
321,2015-11-18,2,2015,11,18,47,0,4
322,2015-11-19,3,2015,11,19,47,0,4
323,2015-11-20,4,2015,11,20,47,0,4
324,2015-11-21,5,2015,11,21,47,0,4
325,2015-11-22,6,2015,11,22,47,1,4
326,2015-11-23,0,2015,11,23,48,1,4
327,2015-11-24,1,2015,11,24,48,0,4
328,2015-11-25,2,2015,11,25,48,0,4
329,2015-11-26,3,2015,11,26,48,0,4
330,2015-11-27,4,2015,11,27,48,0,4
331,2015-11-28,5,2015,11,28,48,0,4
332,2015-11-29,6,2015,11,29,48,1,4
333,2015-11-30,0,2015,11,30,49,1,4
334,2015-12-01,1,2015,12,1,49,0,1
335,2015-12-02,2,2015,12,2,49,0,1
336,2015-12-03,3,2015,12,3,49,0,1
337,2015-12-04,4,2015,12,4,49,0,1
338,2015-12-05,5,2015,12,5,49,0,1
339,2015-12-06,6,2015,12,6,49,1,1
340,2015-12-07,0,2015,12,7,50,1,1
341,2015-12-08,1,2015,12,8,50,0,1
342,2015-12-09,2,2015,12,9,50,0,1
343,2015-12-10,3,2015,12,10,50,0,1
344,2015-12-11,4,2015,12,11,50,0,1
345,2015-12-12,5,2015,12,12,50,0,1
346,2015-12-13,6,2015,12,13,50,1,1
347,2015-12-14,0,2015,12,14,51,1,1
348,2015-12-15,1,2015,12,15,51,0,1
349,2015-12-16,2,2015,12,16,51,0,1
350,2015-12-17,3,2015,12,17,51,0,1
351,2015-12-18,4,2015,12,18,51,0,1
352,2015-12-19,5,2015,12,19,51,0,1
353,2015-12-20,6,2015,12,20,51,1,1
354,2015-12-21,0,2015,12,21,52,1,1
355,2015-12-22,1,2015,12,22,52,0,1
356,2015-12-23,2,2015,12,23,52,0,1
357,2015-12-24,3,2015,12,24,52,0,1
358,2015-12-25,4,2015,12,25,52,0,1
359,2015-12-26,5,2015,12,26,52,0,1
360,2015-12-27,6,2015,12,27,52,1,1
361,2015-12-28,0,2015,12,28,53,1,1
362,2015-12-29,1,2015,12,29,53,0,1
363,2015-12-30,2,2015,12,30,53,0,1
364,2015-12-31,3,2015,12,31,53,0,1
365,2016-01-01,4,2016,1,1,53,0,1
366,2016-01-02,5,2016,1,2,53,0,1
367,2016-01-03,6,2016,1,3,53,1,1
368,2016-01-04,0,2016,1,4,1,1,1
369,2016-01-05,1,2016,1,5,1,0,1
370,2016-01-06,2,2016,1,6,1,0,1
371,2016-01-07,3,2016,1,7,1,0,1
372,2016-01-08,4,2016,1,8,1,0,1
373,2016-01-09,5,2016,1,9,1,0,1
374,2016-01-10,6,2016,1,10,1,1,1
375,2016-01-11,0,2016,1,11,2,1,1
376,2016-01-12,1,2016,1,12,2,0,1
377,2016-01-13,2,2016,1,13,2,0,1
378,2016-01-14,3,2016,1,14,2,0,1
379,2016-01-15,4,2016,1,15,2,0,1
380,2016-01-16,5,2016,1,16,2,0,1
381,2016-01-17,6,2016,1,17,2,1,1
382,2016-01-18,0,2016,1,18,3,1,1
383,2016-01-19,1,2016,1,19,3,0,1
384,2016-01-20,2,2016,1,20,3,0,1
385,2016-01-21,3,2016,1,21,3,0,1
386,2016-01-22,4,2016,1,22,3,0,1
387,2016-01-23,5,2016,1,23,3,0,1
388,2016-01-24,6,2016,1,24,3,1,1
389,2016-01-25,0,2016,1,25,4,1,1
390,2016-01-26,1,2016,1,26,4,0,1
391,2016-01-27,2,2016,1,27,4,0,1
392,2016-01-28,3,2016,1,28,4,0,1
393,2016-01-29,4,2016,1,29,4,0,1
394,2016-01-30,5,2016,1,30,4,0,1
395,2016-01-31,6,2016,1,31,4,1,1
396,2016-02-01,0,2016,2,1,5,1,1
397,2016-02-02,1,2016,2,2,5,0,1
398,2016-02-03,2,2016,2,3,5,0,1
399,2016-02-04,3,2016,2,4,5,0,1
400,2016-02-05,4,2016,2,5,5,0,1
401,2016-02-06,5,2016,2,6,5,0,1
402,2016-02-07,6,2016,2,7,5,1,1
403,2016-02-08,0,2016,2,8,6,1,1
404,2016-02-09,1,2016,2,9,6,0,1
405,2016-02-10,2,2016,2,10,6,0,1
406,2016-02-11,3,2016,2,11,6,0,1
407,2016-02-12,4,2016,2,12,6,0,1
408,2016-02-13,5,2016,2,13,6,0,1
409,2016-02-14,6,2016,2,14,6,1,1
410,2016-02-15,0,2016,2,15,7,1,1
411,2016-02-16,1,2016,2,16,7,0,1
412,2016-02-17,2,2016,2,17,7,0,1
413,2016-02-18,3,2016,2,18,7,0,1
414,2016-02-19,4,2016,2,19,7,0,1
415,2016-02-20,5,2016,2,20,7,0,1
416,2016-02-21,6,2016,2,21,7,1,1
417,2016-02-22,0,2016,2,22,8,1,1
418,2016-02-23,1,2016,2,23,8,0,1
419,2016-02-24,2,2016,2,24,8,0,1
420,2016-02-25,3,2016,2,25,8,0,1
421,2016-02-26,4,2016,2,26,8,0,1
422,2016-02-27,5,2016,2,27,8,0,1
423,2016-02-28,6,2016,2,28,8,1,1
424,2016-02-29,0,2016,2,29,9,1,1
425,2016-03-01,1,2016,3,1,9,0,2
426,2016-03-02,2,2016,3,2,9,0,2
427,2016-03-03,3,2016,3,3,9,0,2
428,2016-03-04,4,2016,3,4,9,0,2
429,2016-03-05,5,2016,3,5,9,0,2
430,2016-03-06,6,2016,3,6,9,1,2
431,2016-03-07,0,2016,3,7,10,1,2
432,2016-03-08,1,2016,3,8,10,0,2
433,2016-03-09,2,2016,3,9,10,0,2
434,2016-03-10,3,2016,3,10,10,0,2
435,2016-03-11,4,2016,3,11,10,0,2
436,2016-03-12,5,2016,3,12,10,0,2
437,2016-03-13,6,2016,3,13,10,1,2
438,2016-03-14,0,2016,3,14,11,1,2
439,2016-03-15,1,2016,3,15,11,0,2
440,2016-03-16,2,2016,3,16,11,0,2
441,2016-03-17,3,2016,3,17,11,0,2
442,2016-03-18,4,2016,3,18,11,0,2
443,2016-03-19,5,2016,3,19,11,0,2
444,2016-03-20,6,2016,3,20,11,1,2
445,2016-03-21,0,2016,3,21,12,1,2
446,2016-03-22,1,2016,3,22,12,0,2
447,2016-03-23,2,2016,3,23,12,0,2
448,2016-03-24,3,2016,3,24,12,0,2
449,2016-03-25,4,2016,3,25,12,0,2
450,2016-03-26,5,2016,3,26,12,0,2
451,2016-03-27,6,2016,3,27,12,1,2
452,2016-03-28,0,2016,3,28,13,1,2
453,2016-03-29,1,2016,3,29,13,0,2
454,2016-03-30,2,2016,3,30,13,0,2
455,2016-03-31,3,2016,3,31,13,0,2
456,2016-04-01,4,2016,4,1,13,0,2
457,2016-04-02,5,2016,4,2,13,0,2
458,2016-04-03,6,2016,4,3,13,1,2
459,2016-04-04,0,2016,4,4,14,1,2
460,2016-04-05,1,2016,4,5,14,0,2
461,2016-04-06,2,2016,4,6,14,0,2
462,2016-04-07,3,2016,4,7,14,0,2
463,2016-04-08,4,2016,4,8,14,0,2
464,2016-04-09,5,2016,4,9,14,0,2
465,2016-04-10,6,2016,4,10,14,1,2
466,2016-04-11,0,2016,4,11,15,1,2
467,2016-04-12,1,2016,4,12,15,0,2
468,2016-04-13,2,2016,4,13,15,0,2
469,2016-04-14,3,2016,4,14,15,0,2
470,2016-04-15,4,2016,4,15,15,0,2
471,2016-04-16,5,2016,4,16,15,0,2
472,2016-04-17,6,2016,4,17,15,1,2
473,2016-04-18,0,2016,4,18,16,1,2
474,2016-04-19,1,2016,4,19,16,0,2
475,2016-04-20,2,2016,4,20,16,0,2
476,2016-04-21,3,2016,4,21,16,0,2
477,2016-04-22,4,2016,4,22,16,0,2
478,2016-04-23,5,2016,4,23,16,0,2
479,2016-04-24,6,2016,4,24,16,1,2
480,2016-04-25,0,2016,4,25,17,1,2
481,2016-04-26,1,2016,4,26,17,0,2
482,2016-04-27,2,2016,4,27,17,0,2
483,2016-04-28,3,2016,4,28,17,0,2
484,2016-04-29,4,2016,4,29,17,0,2
485,2016-04-30,5,2016,4,30,17,0,2
486,2016-05-01,6,2016,5,1,17,1,2
487,2016-05-02,0,2016,5,2,18,1,2
488,2016-05-03,1,2016,5,3,18,0,2
489,2016-05-04,2,2016,5,4,18,0,2
490,2016-05-05,3,2016,5,5,18,0,2
491,2016-05-06,4,2016,5,6,18,0,2
492,2016-05-07,5,2016,5,7,18,0,2
493,2016-05-08,6,2016,5,8,18,1,2
494,2016-05-09,0,2016,5,9,19,1,2
495,2016-05-10,1,2016,5,10,19,0,2
496,2016-05-11,2,2016,5,11,19,0,2
497,2016-05-12,3,2016,5,12,19,0,2
498,2016-05-13,4,2016,5,13,19,0,2
499,2016-05-14,5,2016,5,14,19,0,2
500,2016-05-15,6,2016,5,15,19,1,2
501,2016-05-16,0,2016,5,16,20,1,2
502,2016-05-17,1,2016,5,17,20,0,2
503,2016-05-18,2,2016,5,18,20,0,2
504,2016-05-19,3,2016,5,19,20,0,2
505,2016-05-20,4,2016,5,20,20,0,2
506,2016-05-21,5,2016,5,21,20,0,2
507,2016-05-22,6,2016,5,22,20,1,2
508,2016-05-23,0,2016,5,23,21,1,2
509,2016-05-24,1,2016,5,24,21,0,2
510,2016-05-25,2,2016,5,25,21,0,2
511,2016-05-26,3,2016,5,26,21,0,2
512,2016-05-27,4,2016,5,27,21,0,2
513,2016-05-28,5,2016,5,28,21,0,2
514,2016-05-29,6,2016,5,29,21,1,2
515,2016-05-30,0,2016,5,30,22,1,2
516,2016-05-31,1,2016,5,31,22,0,2
517,2016-06-01,2,2016,6,1,22,0,3
518,2016-06-02,3,2016,6,2,22,0,3
519,2016-06-03,4,2016,6,3,22,0,3
520,2016-06-04,5,2016,6,4,22,0,3
521,2016-06-05,6,2016,6,5,22,1,3
522,2016-06-06,0,2016,6,6,23,1,3
523,2016-06-07,1,2016,6,7,23,0,3
524,2016-06-08,2,2016,6,8,23,0,3
525,2016-06-09,3,2016,6,9,23,0,3
526,2016-06-10,4,2016,6,10,23,0,3
527,2016-06-11,5,2016,6,11,23,0,3
528,2016-06-12,6,2016,6,12,23,1,3
529,2016-06-13,0,2016,6,13,24,1,3
530,2016-06-14,1,2016,6,14,24,0,3
531,2016-06-15,2,2016,6,15,24,0,3
532,2016-06-16,3,2016,6,16,24,0,3
533,2016-06-17,4,2016,6,17,24,0,3
534,2016-06-18,5,2016,6,18,24,0,3
535,2016-06-19,6,2016,6,19,24,1,3
536,2016-06-20,0,2016,6,20,25,1,3
537,2016-06-21,1,2016,6,21,25,0,3
538,2016-06-22,2,2016,6,22,25,0,3
539,2016-06-23,3,2016,6,23,25,0,3
540,2016-06-24,4,2016,6,24,25,0,3
541,2016-06-25,5,2016,6,25,25,0,3
542,2016-06-26,6,2016,6,26,25,1,3
543,2016-06-27,0,2016,6,27,26,1,3
544,2016-06-28,1,2016,6,28,26,0,3
545,2016-06-29,2,2016,6,29,26,0,3
546,2016-06-30,3,2016,6,30,26,0,3
547,2016-07-01,4,2016,7,1,26,0,3
548,2016-07-02,5,2016,7,2,26,0,3
549,2016-07-03,6,2016,7,3,26,1,3
550,2016-07-04,0,2016,7,4,27,1,3
551,2016-07-05,1,2016,7,5,27,0,3
552,2016-07-06,2,2016,7,6,27,0,3
553,2016-07-07,3,2016,7,7,27,0,3
554,2016-07-08,4,2016,7,8,27,0,3
555,2016-07-09,5,2016,7,9,27,0,3
556,2016-07-10,6,2016,7,10,27,1,3
557,2016-07-11,0,2016,7,11,28,1,3
558,2016-07-12,1,2016,7,12,28,0,3
559,2016-07-13,2,2016,7,13,28,0,3
560,2016-07-14,3,2016,7,14,28,0,3
561,2016-07-15,4,2016,7,15,28,0,3
562,2016-07-16,5,2016,7,16,28,0,3
563,2016-07-17,6,2016,7,17,28,1,3
564,2016-07-18,0,2016,7,18,29,1,3
565,2016-07-19,1,2016,7,19,29,0,3
566,2016-07-20,2,2016,7,20,29,0,3
567,2016-07-21,3,2016,7,21,29,0,3
568,2016-07-22,4,2016,7,22,29,0,3
569,2016-07-23,5,2016,7,23,29,0,3
570,2016-07-24,6,2016,7,24,29,1,3
571,2016-07-25,0,2016,7,25,30,1,3
572,2016-07-26,1,2016,7,26,30,0,3
573,2016-07-27,2,2016,7,27,30,0,3
574,2016-07-28,3,2016,7,28,30,0,3
575,2016-07-29,4,2016,7,29,30,0,3
576,2016-07-30,5,2016,7,30,30,0,3
577,2016-07-31,6,2016,7,31,30,1,3
578,2016-08-01,0,2016,8,1,31,1,3
579,2016-08-02,1,2016,8,2,31,0,3
580,2016-08-03,2,2016,8,3,31,0,3
581,2016-08-04,3,2016,8,4,31,0,3
582,2016-08-05,4,2016,8,5,31,0,3
583,2016-08-06,5,2016,8,6,31,0,3
584,2016-08-07,6,2016,8,7,31,1,3
585,2016-08-08,0,2016,8,8,32,1,3
586,2016-08-09,1,2016,8,9,32,0,3
587,2016-08-10,2,2016,8,10,32,0,3
588,2016-08-11,3,2016,8,11,32,0,3
589,2016-08-12,4,2016,8,12,32,0,3
590,2016-08-13,5,2016,8,13,32,0,3
591,2016-08-14,6,2016,8,14,32,1,3
592,2016-08-15,0,2016,8,15,33,1,3
593,2016-08-16,1,2016,8,16,33,0,3
594,2016-08-17,2,2016,8,17,33,0,3
595,2016-08-18,3,2016,8,18,33,0,3
596,2016-08-19,4,2016,8,19,33,0,3
597,2016-08-20,5,2016,8,20,33,0,3
598,2016-08-21,6,2016,8,21,33,1,3
599,2016-08-22,0,2016,8,22,34,1,3
600,2016-08-23,1,2016,8,23,34,0,3
601,2016-08-24,2,2016,8,24,34,0,3
602,2016-08-25,3,2016,8,25,34,0,3
603,2016-08-26,4,2016,8,26,34,0,3
604,2016-08-27,5,2016,8,27,34,0,3
605,2016-08-28,6,2016,8,28,34,1,3
606,2016-08-29,0,2016,8,29,35,1,3
607,2016-08-30,1,2016,8,30,35,0,3
608,2016-08-31,2,2016,8,31,35,0,3
609,2016-09-01,3,2016,9,1,35,0,4
610,2016-09-02,4,2016,9,2,35,0,4
611,2016-09-03,5,2016,9,3,35,0,4
612,2016-09-04,6,2016,9,4,35,1,4
613,2016-09-05,0,2016,9,5,36,1,4
614,2016-09-06,1,2016,9,6,36,0,4
615,2016-09-07,2,2016,9,7,36,0,4
616,2016-09-08,3,2016,9,8,36,0,4
617,2016-09-09,4,2016,9,9,36,0,4
618,2016-09-10,5,2016,9,10,36,0,4
619,2016-09-11,6,2016,9,11,36,1,4
620,2016-09-12,0,2016,9,12,37,1,4
621,2016-09-13,1,2016,9,13,37,0,4
622,2016-09-14,2,2016,9,14,37,0,4
623,2016-09-15,3,2016,9,15,37,0,4
624,2016-09-16,4,2016,9,16,37,0,4
625,2016-09-17,5,2016,9,17,37,0,4
626,2016-09-18,6,2016,9,18,37,1,4
627,2016-09-19,0,2016,9,19,38,1,4
628,2016-09-20,1,2016,9,20,38,0,4
629,2016-09-21,2,2016,9,21,38,0,4
630,2016-09-22,3,2016,9,22,38,0,4
631,2016-09-23,4,2016,9,23,38,0,4
632,2016-09-24,5,2016,9,24,38,0,4
633,2016-09-25,6,2016,9,25,38,1,4
634,2016-09-26,0,2016,9,26,39,1,4
635,2016-09-27,1,2016,9,27,39,0,4
636,2016-09-28,2,2016,9,28,39,0,4
637,2016-09-29,3,2016,9,29,39,0,4
638,2016-09-30,4,2016,9,30,39,0,4
639,2016-10-01,5,2016,10,1,39,0,4
640,2016-10-02,6,2016,10,2,39,1,4
641,2016-10-03,0,2016,10,3,40,1,4
642,2016-10-04,1,2016,10,4,40,0,4
643,2016-10-05,2,2016,10,5,40,0,4
644,2016-10-06,3,2016,10,6,40,0,4
645,2016-10-07,4,2016,10,7,40,0,4
646,2016-10-08,5,2016,10,8,40,0,4
647,2016-10-09,6,2016,10,9,40,1,4
648,2016-10-10,0,2016,10,10,41,1,4
649,2016-10-11,1,2016,10,11,41,0,4
650,2016-10-12,2,2016,10,12,41,0,4
651,2016-10-13,3,2016,10,13,41,0,4
652,2016-10-14,4,2016,10,14,41,0,4
653,2016-10-15,5,2016,10,15,41,0,4
654,2016-10-16,6,2016,10,16,41,1,4
655,2016-10-17,0,2016,10,17,42,1,4
656,2016-10-18,1,2016,10,18,42,0,4
657,2016-10-19,2,2016,10,19,42,0,4
658,2016-10-20,3,2016,10,20,42,0,4
659,2016-10-21,4,2016,10,21,42,0,4
660,2016-10-22,5,2016,10,22,42,0,4
661,2016-10-23,6,2016,10,23,42,1,4
662,2016-10-24,0,2016,10,24,43,1,4
663,2016-10-25,1,2016,10,25,43,0,4
664,2016-10-26,2,2016,10,26,43,0,4
665,2016-10-27,3,2016,10,27,43,0,4
666,2016-10-28,4,2016,10,28,43,0,4
667,2016-10-29,5,2016,10,29,43,0,4
668,2016-10-30,6,2016,10,30,43,1,4
669,2016-10-31,0,2016,10,31,44,1,4
670,2016-11-01,1,2016,11,1,44,0,4
671,2016-11-02,2,2016,11,2,44,0,4
672,2016-11-03,3,2016,11,3,44,0,4
673,2016-11-04,4,2016,11,4,44,0,4
674,2016-11-05,5,2016,11,5,44,0,4
675,2016-11-06,6,2016,11,6,44,1,4
676,2016-11-07,0,2016,11,7,45,1,4
677,2016-11-08,1,2016,11,8,45,0,4
678,2016-11-09,2,2016,11,9,45,0,4
679,2016-11-10,3,2016,11,10,45,0,4
680,2016-11-11,4,2016,11,11,45,0,4
681,2016-11-12,5,2016,11,12,45,0,4
682,2016-11-13,6,2016,11,13,45,1,4
683,2016-11-14,0,2016,11,14,46,1,4
684,2016-11-15,1,2016,11,15,46,0,4
685,2016-11-16,2,2016,11,16,46,0,4
686,2016-11-17,3,2016,11,17,46,0,4
687,2016-11-18,4,2016,11,18,46,0,4
688,2016-11-19,5,2016,11,19,46,0,4
689,2016-11-20,6,2016,11,20,46,1,4
690,2016-11-21,0,2016,11,21,47,1,4
691,2016-11-22,1,2016,11,22,47,0,4
692,2016-11-23,2,2016,11,23,47,0,4
693,2016-11-24,3,2016,11,24,47,0,4
694,2016-11-25,4,2016,11,25,47,0,4
695,2016-11-26,5,2016,11,26,47,0,4
696,2016-11-27,6,2016,11,27,47,1,4
697,2016-11-28,0,2016,11,28,48,1,4
698,2016-11-29,1,2016,11,29,48,0,4
699,2016-11-30,2,2016,11,30,48,0,4
700,2016-12-01,3,2016,12,1,48,0,1
701,2016-12-02,4,2016,12,2,48,0,1
702,2016-12-03,5,2016,12,3,48,0,1
703,2016-12-04,6,2016,12,4,48,1,1
704,2016-12-05,0,2016,12,5,49,1,1
705,2016-12-06,1,2016,12,6,49,0,1
706,2016-12-07,2,2016,12,7,49,0,1
707,2016-12-08,3,2016,12,8,49,0,1
708,2016-12-09,4,2016,12,9,49,0,1
709,2016-12-10,5,2016,12,10,49,0,1
710,2016-12-11,6,2016,12,11,49,1,1
711,2016-12-12,0,2016,12,12,50,1,1
712,2016-12-13,1,2016,12,13,50,0,1
713,2016-12-14,2,2016,12,14,50,0,1
714,2016-12-15,3,2016,12,15,50,0,1
715,2016-12-16,4,2016,12,16,50,0,1
716,2016-12-17,5,2016,12,17,50,0,1
717,2016-12-18,6,2016,12,18,50,1,1
718,2016-12-19,0,2016,12,19,51,1,1
719,2016-12-20,1,2016,12,20,51,0,1
720,2016-12-21,2,2016,12,21,51,0,1
721,2016-12-22,3,2016,12,22,51,0,1
722,2016-12-23,4,2016,12,23,51,0,1
723,2016-12-24,5,2016,12,24,51,0,1
724,2016-12-25,6,2016,12,25,51,1,1
725,2016-12-26,0,2016,12,26,52,1,1
726,2016-12-27,1,2016,12,27,52,0,1
727,2016-12-28,2,2016,12,28,52,0,1
728,2016-12-29,3,2016,12,29,52,0,1
729,2016-12-30,4,2016,12,30,52,0,1
730,2016-12-31,5,2016,12,31,52,0,1
731,2017-01-01,6,2017,1,1,52,1,1
732,2017-01-02,0,2017,1,2,1,1,1
733,2017-01-03,1,2017,1,3,1,0,1
734,2017-01-04,2,2017,1,4,1,0,1
735,2017-01-05,3,2017,1,5,1,0,1
736,2017-01-06,4,2017,1,6,1,0,1
737,2017-01-07,5,2017,1,7,1,0,1
738,2017-01-08,6,2017,1,8,1,1,1
739,2017-01-09,0,2017,1,9,2,1,1
740,2017-01-10,1,2017,1,10,2,0,1
741,2017-01-11,2,2017,1,11,2,0,1
742,2017-01-12,3,2017,1,12,2,0,1
743,2017-01-13,4,2017,1,13,2,0,1
744,2017-01-14,5,2017,1,14,2,0,1
745,2017-01-15,6,2017,1,15,2,1,1
746,2017-01-16,0,2017,1,16,3,1,1
747,2017-01-17,1,2017,1,17,3,0,1
748,2017-01-18,2,2017,1,18,3,0,1
749,2017-01-19,3,2017,1,19,3,0,1
750,2017-01-20,4,2017,1,20,3,0,1
751,2017-01-21,5,2017,1,21,3,0,1
752,2017-01-22,6,2017,1,22,3,1,1
753,2017-01-23,0,2017,1,23,4,1,1
754,2017-01-24,1,2017,1,24,4,0,1
755,2017-01-25,2,2017,1,25,4,0,1
756,2017-01-26,3,2017,1,26,4,0,1
757,2017-01-27,4,2017,1,27,4,0,1
758,2017-01-28,5,2017,1,28,4,0,1
759,2017-01-29,6,2017,1,29,4,1,1
760,2017-01-30,0,2017,1,30,5,1,1
761,2017-01-31,1,2017,1,31,5,0,1
762,2017-02-01,2,2017,2,1,5,0,1
763,2017-02-02,3,2017,2,2,5,0,1
764,2017-02-03,4,2017,2,3,5,0,1
765,2017-02-04,5,2017,2,4,5,0,1
766,2017-02-05,6,2017,2,5,5,1,1
767,2017-02-06,0,2017,2,6,6,1,1
768,2017-02-07,1,2017,2,7,6,0,1
769,2017-02-08,2,2017,2,8,6,0,1
770,2017-02-09,3,2017,2,9,6,0,1
771,2017-02-10,4,2017,2,10,6,0,1
772,2017-02-11,5,2017,2,11,6,0,1
773,2017-02-12,6,2017,2,12,6,1,1
774,2017-02-13,0,2017,2,13,7,1,1
775,2017-02-14,1,2017,2,14,7,0,1
776,2017-02-15,2,2017,2,15,7,0,1
777,2017-02-16,3,2017,2,16,7,0,1
778,2017-02-17,4,2017,2,17,7,0,1
779,2017-02-18,5,2017,2,18,7,0,1
780,2017-02-19,6,2017,2,19,7,1,1
781,2017-02-20,0,2017,2,20,8,1,1
782,2017-02-21,1,2017,2,21,8,0,1
783,2017-02-22,2,2017,2,22,8,0,1
784,2017-02-23,3,2017,2,23,8,0,1
785,2017-02-24,4,2017,2,24,8,0,1
786,2017-02-25,5,2017,2,25,8,0,1
787,2017-02-26,6,2017,2,26,8,1,1
788,2017-02-27,0,2017,2,27,9,1,1
789,2017-02-28,1,2017,2,28,9,0,1
790,2017-03-01,2,2017,3,1,9,0,2
791,2017-03-02,3,2017,3,2,9,0,2
792,2017-03-03,4,2017,3,3,9,0,2
793,2017-03-04,5,2017,3,4,9,0,2
794,2017-03-05,6,2017,3,5,9,1,2
795,2017-03-06,0,2017,3,6,10,1,2
796,2017-03-07,1,2017,3,7,10,0,2
797,2017-03-08,2,2017,3,8,10,0,2
798,2017-03-09,3,2017,3,9,10,0,2
799,2017-03-10,4,2017,3,10,10,0,2
800,2017-03-11,5,2017,3,11,10,0,2
801,2017-03-12,6,2017,3,12,10,1,2
802,2017-03-13,0,2017,3,13,11,1,2
803,2017-03-14,1,2017,3,14,11,0,2
804,2017-03-15,2,2017,3,15,11,0,2
805,2017-03-16,3,2017,3,16,11,0,2
806,2017-03-17,4,2017,3,17,11,0,2
807,2017-03-18,5,2017,3,18,11,0,2
808,2017-03-19,6,2017,3,19,11,1,2
809,2017-03-20,0,2017,3,20,12,1,2
810,2017-03-21,1,2017,3,21,12,0,2
811,2017-03-22,2,2017,3,22,12,0,2
812,2017-03-23,3,2017,3,23,12,0,2
813,2017-03-24,4,2017,3,24,12,0,2
814,2017-03-25,5,2017,3,25,12,0,2
815,2017-03-26,6,2017,3,26,12,1,2
816,2017-03-27,0,2017,3,27,13,1,2
817,2017-03-28,1,2017,3,28,13,0,2
818,2017-03-29,2,2017,3,29,13,0,2
819,2017-03-30,3,2017,3,30,13,0,2
820,2017-03-31,4,2017,3,31,13,0,2
821,2017-04-01,5,2017,4,1,13,0,2
822,2017-04-02,6,2017,4,2,13,1,2
823,2017-04-03,0,2017,4,3,14,1,2
824,2017-04-04,1,2017,4,4,14,0,2
825,2017-04-05,2,2017,4,5,14,0,2
826,2017-04-06,3,2017,4,6,14,0,2
827,2017-04-07,4,2017,4,7,14,0,2
828,2017-04-08,5,2017,4,8,14,0,2
829,2017-04-09,6,2017,4,9,14,1,2
830,2017-04-10,0,2017,4,10,15,1,2
831,2017-04-11,1,2017,4,11,15,0,2
832,2017-04-12,2,2017,4,12,15,0,2
833,2017-04-13,3,2017,4,13,15,0,2
834,2017-04-14,4,2017,4,14,15,0,2
835,2017-04-15,5,2017,4,15,15,0,2
836,2017-04-16,6,2017,4,16,15,1,2
837,2017-04-17,0,2017,4,17,16,1,2
838,2017-04-18,1,2017,4,18,16,0,2
839,2017-04-19,2,2017,4,19,16,0,2
840,2017-04-20,3,2017,4,20,16,0,2
841,2017-04-21,4,2017,4,21,16,0,2
842,2017-04-22,5,2017,4,22,16,0,2
843,2017-04-23,6,2017,4,23,16,1,2
844,2017-04-24,0,2017,4,24,17,1,2
845,2017-04-25,1,2017,4,25,17,0,2
846,2017-04-26,2,2017,4,26,17,0,2
847,2017-04-27,3,2017,4,27,17,0,2
848,2017-04-28,4,2017,4,28,17,0,2
849,2017-04-29,5,2017,4,29,17,0,2
850,2017-04-30,6,2017,4,30,17,1,2
851,2017-05-01,0,2017,5,1,18,1,2
852,2017-05-02,1,2017,5,2,18,0,2
853,2017-05-03,2,2017,5,3,18,0,2
854,2017-05-04,3,2017,5,4,18,0,2
855,2017-05-05,4,2017,5,5,18,0,2
856,2017-05-06,5,2017,5,6,18,0,2
857,2017-05-07,6,2017,5,7,18,1,2
858,2017-05-08,0,2017,5,8,19,1,2
859,2017-05-09,1,2017,5,9,19,0,2
860,2017-05-10,2,2017,5,10,19,0,2
861,2017-05-11,3,2017,5,11,19,0,2
862,2017-05-12,4,2017,5,12,19,0,2
863,2017-05-13,5,2017,5,13,19,0,2
864,2017-05-14,6,2017,5,14,19,1,2
865,2017-05-15,0,2017,5,15,20,1,2
866,2017-05-16,1,2017,5,16,20,0,2
867,2017-05-17,2,2017,5,17,20,0,2
868,2017-05-18,3,2017,5,18,20,0,2
869,2017-05-19,4,2017,5,19,20,0,2
870,2017-05-20,5,2017,5,20,20,0,2
871,2017-05-21,6,2017,5,21,20,1,2
872,2017-05-22,0,2017,5,22,21,1,2
873,2017-05-23,1,2017,5,23,21,0,2
874,2017-05-24,2,2017,5,24,21,0,2
875,2017-05-25,3,2017,5,25,21,0,2
876,2017-05-26,4,2017,5,26,21,0,2
877,2017-05-27,5,2017,5,27,21,0,2
878,2017-05-28,6,2017,5,28,21,1,2
879,2017-05-29,0,2017,5,29,22,1,2
880,2017-05-30,1,2017,5,30,22,0,2
881,2017-05-31,2,2017,5,31,22,0,2
882,2017-06-01,3,2017,6,1,22,0,3
883,2017-06-02,4,2017,6,2,22,0,3
884,2017-06-03,5,2017,6,3,22,0,3
885,2017-06-04,6,2017,6,4,22,1,3
886,2017-06-05,0,2017,6,5,23,1,3
887,2017-06-06,1,2017,6,6,23,0,3
888,2017-06-07,2,2017,6,7,23,0,3
889,2017-06-08,3,2017,6,8,23,0,3
890,2017-06-09,4,2017,6,9,23,0,3
891,2017-06-10,5,2017,6,10,23,0,3
892,2017-06-11,6,2017,6,11,23,1,3
893,2017-06-12,0,2017,6,12,24,1,3
894,2017-06-13,1,2017,6,13,24,0,3
895,2017-06-14,2,2017,6,14,24,0,3
896,2017-06-15,3,2017,6,15,24,0,3
897,2017-06-16,4,2017,6,16,24,0,3
898,2017-06-17,5,2017,6,17,24,0,3
899,2017-06-18,6,2017,6,18,24,1,3
900,2017-06-19,0,2017,6,19,25,1,3
901,2017-06-20,1,2017,6,20,25,0,3
902,2017-06-21,2,2017,6,21,25,0,3
903,2017-06-22,3,2017,6,22,25,0,3
904,2017-06-23,4,2017,6,23,25,0,3
905,2017-06-24,5,2017,6,24,25,0,3
906,2017-06-25,6,2017,6,25,25,1,3
907,2017-06-26,0,2017,6,26,26,1,3
908,2017-06-27,1,2017,6,27,26,0,3
909,2017-06-28,2,2017,6,28,26,0,3
910,2017-06-29,3,2017,6,29,26,0,3
911,2017-06-30,4,2017,6,30,26,0,3
912,2017-07-01,5,2017,7,1,26,0,3
913,2017-07-02,6,2017,7,2,26,1,3
914,2017-07-03,0,2017,7,3,27,1,3
915,2017-07-04,1,2017,7,4,27,0,3
916,2017-07-05,2,2017,7,5,27,0,3
917,2017-07-06,3,2017,7,6,27,0,3
918,2017-07-07,4,2017,7,7,27,0,3
919,2017-07-08,5,2017,7,8,27,0,3
920,2017-07-09,6,2017,7,9,27,1,3
921,2017-07-10,0,2017,7,10,28,1,3
922,2017-07-11,1,2017,7,11,28,0,3
923,2017-07-12,2,2017,7,12,28,0,3
924,2017-07-13,3,2017,7,13,28,0,3
925,2017-07-14,4,2017,7,14,28,0,3
926,2017-07-15,5,2017,7,15,28,0,3
927,2017-07-16,6,2017,7,16,28,1,3
928,2017-07-17,0,2017,7,17,29,1,3
929,2017-07-18,1,2017,7,18,29,0,3
930,2017-07-19,2,2017,7,19,29,0,3
931,2017-07-20,3,2017,7,20,29,0,3
932,2017-07-21,4,2017,7,21,29,0,3
933,2017-07-22,5,2017,7,22,29,0,3
934,2017-07-23,6,2017,7,23,29,1,3
935,2017-07-24,0,2017,7,24,30,1,3
936,2017-07-25,1,2017,7,25,30,0,3
937,2017-07-26,2,2017,7,26,30,0,3
938,2017-07-27,3,2017,7,27,30,0,3
939,2017-07-28,4,2017,7,28,30,0,3
940,2017-07-29,5,2017,7,29,30,0,3
941,2017-07-30,6,2017,7,30,30,1,3
942,2017-07-31,0,2017,7,31,31,1,3
943,2017-08-01,1,2017,8,1,31,0,3
944,2017-08-02,2,2017,8,2,31,0,3
945,2017-08-03,3,2017,8,3,31,0,3
946,2017-08-04,4,2017,8,4,31,0,3
947,2017-08-05,5,2017,8,5,31,0,3
948,2017-08-06,6,2017,8,6,31,1,3
949,2017-08-07,0,2017,8,7,32,1,3
950,2017-08-08,1,2017,8,8,32,0,3
951,2017-08-09,2,2017,8,9,32,0,3
952,2017-08-10,3,2017,8,10,32,0,3
953,2017-08-11,4,2017,8,11,32,0,3
954,2017-08-12,5,2017,8,12,32,0,3
955,2017-08-13,6,2017,8,13,32,1,3
956,2017-08-14,0,2017,8,14,33,1,3
957,2017-08-15,1,2017,8,15,33,0,3
958,2017-08-16,2,2017,8,16,33,0,3
959,2017-08-17,3,2017,8,17,33,0,3
960,2017-08-18,4,2017,8,18,33,0,3
961,2017-08-19,5,2017,8,19,33,0,3
962,2017-08-20,6,2017,8,20,33,1,3
963,2017-08-21,0,2017,8,21,34,1,3
964,2017-08-22,1,2017,8,22,34,0,3
965,2017-08-23,2,2017,8,23,34,0,3
966,2017-08-24,3,2017,8,24,34,0,3
967,2017-08-25,4,2017,8,25,34,0,3
968,2017-08-26,5,2017,8,26,34,0,3
969,2017-08-27,6,2017,8,27,34,1,3
970,2017-08-28,0,2017,8,28,35,1,3
971,2017-08-29,1,2017,8,29,35,0,3
972,2017-08-30,2,2017,8,30,35,0,3
973,2017-08-31,3,2017,8,31,35,0,3
974,2017-09-01,4,2017,9,1,35,0,4
975,2017-09-02,5,2017,9,2,35,0,4
976,2017-09-03,6,2017,9,3,35,1,4
977,2017-09-04,0,2017,9,4,36,1,4
978,2017-09-05,1,2017,9,5,36,0,4
979,2017-09-06,2,2017,9,6,36,0,4
980,2017-09-07,3,2017,9,7,36,0,4
981,2017-09-08,4,2017,9,8,36,0,4
982,2017-09-09,5,2017,9,9,36,0,4
983,2017-09-10,6,2017,9,10,36,1,4
984,2017-09-11,0,2017,9,11,37,1,4
985,2017-09-12,1,2017,9,12,37,0,4
986,2017-09-13,2,2017,9,13,37,0,4
987,2017-09-14,3,2017,9,14,37,0,4
988,2017-09-15,4,2017,9,15,37,0,4
989,2017-09-16,5,2017,9,16,37,0,4
990,2017-09-17,6,2017,9,17,37,1,4
991,2017-09-18,0,2017,9,18,38,1,4
992,2017-09-19,1,2017,9,19,38,0,4
993,2017-09-20,2,2017,9,20,38,0,4
994,2017-09-21,3,2017,9,21,38,0,4
995,2017-09-22,4,2017,9,22,38,0,4
996,2017-09-23,5,2017,9,23,38,0,4
997,2017-09-24,6,2017,9,24,38,1,4
998,2017-09-25,0,2017,9,25,39,1,4
999,2017-09-26,1,2017,9,26,39,0,4
1000,2017-09-27,2,2017,9,27,39,0,4
1001,2017-09-28,3,2017,9,28,39,0,4
1002,2017-09-29,4,2017,9,29,39,0,4
1003,2017-09-30,5,2017,9,30,39,0,4
1004,2017-10-01,6,2017,10,1,39,1,4
1005,2017-10-02,0,2017,10,2,40,1,4
1006,2017-10-03,1,2017,10,3,40,0,4
1007,2017-10-04,2,2017,10,4,40,0,4
1008,2017-10-05,3,2017,10,5,40,0,4
1009,2017-10-06,4,2017,10,6,40,0,4
1010,2017-10-07,5,2017,10,7,40,0,4
1011,2017-10-08,6,2017,10,8,40,1,4
1012,2017-10-09,0,2017,10,9,41,1,4
1013,2017-10-10,1,2017,10,10,41,0,4
1014,2017-10-11,2,2017,10,11,41,0,4
1015,2017-10-12,3,2017,10,12,41,0,4
1016,2017-10-13,4,2017,10,13,41,0,4
1017,2017-10-14,5,2017,10,14,41,0,4
1018,2017-10-15,6,2017,10,15,41,1,4
1019,2017-10-16,0,2017,10,16,42,1,4
1020,2017-10-17,1,2017,10,17,42,0,4
1021,2017-10-18,2,2017,10,18,42,0,4
1022,2017-10-19,3,2017,10,19,42,0,4
1023,2017-10-20,4,2017,10,20,42,0,4
1024,2017-10-21,5,2017,10,21,42,0,4
1025,2017-10-22,6,2017,10,22,42,1,4
1026,2017-10-23,0,2017,10,23,43,1,4
1027,2017-10-24,1,2017,10,24,43,0,4
1028,2017-10-25,2,2017,10,25,43,0,4
1029,2017-10-26,3,2017,10,26,43,0,4
1030,2017-10-27,4,2017,10,27,43,0,4
1031,2017-10-28,5,2017,10,28,43,0,4
1032,2017-10-29,6,2017,10,29,43,1,4
1033,2017-10-30,0,2017,10,30,44,1,4
1034,2017-10-31,1,2017,10,31,44,0,4
1035,2017-11-01,2,2017,11,1,44,0,4
1036,2017-11-02,3,2017,11,2,44,0,4
1037,2017-11-03,4,2017,11,3,44,0,4
1038,2017-11-04,5,2017,11,4,44,0,4
1039,2017-11-05,6,2017,11,5,44,1,4
1040,2017-11-06,0,2017,11,6,45,1,4
1041,2017-11-07,1,2017,11,7,45,0,4
1042,2017-11-08,2,2017,11,8,45,0,4
1043,2017-11-09,3,2017,11,9,45,0,4
1044,2017-11-10,4,2017,11,10,45,0,4
1045,2017-11-11,5,2017,11,11,45,0,4
1046,2017-11-12,6,2017,11,12,45,1,4
1047,2017-11-13,0,2017,11,13,46,1,4
1048,2017-11-14,1,2017,11,14,46,0,4
1049,2017-11-15,2,2017,11,15,46,0,4
1050,2017-11-16,3,2017,11,16,46,0,4
1051,2017-11-17,4,2017,11,17,46,0,4
1052,2017-11-18,5,2017,11,18,46,0,4
1053,2017-11-19,6,2017,11,19,46,1,4
1054,2017-11-20,0,2017,11,20,47,1,4
1055,2017-11-21,1,2017,11,21,47,0,4
1056,2017-11-22,2,2017,11,22,47,0,4
1057,2017-11-23,3,2017,11,23,47,0,4
1058,2017-11-24,4,2017,11,24,47,0,4
1059,2017-11-25,5,2017,11,25,47,0,4
1060,2017-11-26,6,2017,11,26,47,1,4
1061,2017-11-27,0,2017,11,27,48,1,4
1062,2017-11-28,1,2017,11,28,48,0,4
1063,2017-11-29,2,2017,11,29,48,0,4
1064,2017-11-30,3,2017,11,30,48,0,4
1065,2017-12-01,4,2017,12,1,48,0,1
1066,2017-12-02,5,2017,12,2,48,0,1
1067,2017-12-03,6,2017,12,3,48,1,1
1068,2017-12-04,0,2017,12,4,49,1,1
1069,2017-12-05,1,2017,12,5,49,0,1
1070,2017-12-06,2,2017,12,6,49,0,1
1071,2017-12-07,3,2017,12,7,49,0,1
1072,2017-12-08,4,2017,12,8,49,0,1
1073,2017-12-09,5,2017,12,9,49,0,1
1074,2017-12-10,6,2017,12,10,49,1,1
1075,2017-12-11,0,2017,12,11,50,1,1
1076,2017-12-12,1,2017,12,12,50,0,1
1077,2017-12-13,2,2017,12,13,50,0,1
1078,2017-12-14,3,2017,12,14,50,0,1
1079,2017-12-15,4,2017,12,15,50,0,1
1080,2017-12-16,5,2017,12,16,50,0,1
1081,2017-12-17,6,2017,12,17,50,1,1
1082,2017-12-18,0,2017,12,18,51,1,1
1083,2017-12-19,1,2017,12,19,51,0,1
1084,2017-12-20,2,2017,12,20,51,0,1
1085,2017-12-21,3,2017,12,21,51,0,1
1086,2017-12-22,4,2017,12,22,51,0,1
1087,2017-12-23,5,2017,12,23,51,0,1
1088,2017-12-24,6,2017,12,24,51,1,1
1089,2017-12-25,0,2017,12,25,52,1,1
1090,2017-12-26,1,2017,12,26,52,0,1
1091,2017-12-27,2,2017,12,27,52,0,1
1092,2017-12-28,3,2017,12,28,52,0,1
1093,2017-12-29,4,2017,12,29,52,0,1
1094,2017-12-30,5,2017,12,30,52,0,1
1095,2017-12-31,6,2017,12,31,52,1,1
