stockKey,date,changeOpenClose,changeLastDay,changeLastWeek,changeLastMonth,changeLastYear
0,2017-12-31,0.430313115,0,-0.113403534,1.497015505,18.356636
1,2017-12-30,0.430313115,0,-0.113403534,1.29142113,18.356636
2,2017-12-29,0.430313115,-0.378500916,-0.113403534,2.32274597,17.66430908
3,2017-12-28,-0.128414437,0.193381119,0.162781098,2.614069305,18.22144775
4,2017-12-27,-0.057128472,0.14071256,0.144082249,3.047771063,17.59209583
5,2017-12-26,-0.047344216,-0.068033719,-0.010309438,2.788152535,17.53904334
6,2017-12-25,0.047677778,0,-0.091008243,2.858130747,17.61906396
7,2017-12-24,0.047677778,0,0.509937909,2.858130747,17.61906396
8,2017-12-23,0.047677778,0,0.509937909,3.05256991,17.61906396
9,2017-12-22,0.047677778,-0.103049274,0.509937909,3.054040572,17.69032615
10,2017-12-21,-0.082373607,0.174676558,1.161454485,3.024236402,17.75140397
11,2017-12-20,0.305555011,-0.013673931,0.529004685,3.521953379,17.44267072
12,2017-12-19,0.309663853,-0.148685936,0.774230651,3.725466146,17.86800993
13,2017-12-18,-0.188143746,0.601493561,1.167663805,3.879920979,18.2699798
14,2017-12-17,-0.304345991,0,0.77987815,3.258825791,17.56284685
15,2017-12-16,-0.304345991,0,0.77987815,3.144055994,17.56284685
16,2017-12-15,-0.304345991,0.544493852,0.77987815,3.8940464,17.56674939
17,2017-12-14,0.546546468,-0.451604021,0.718037441,2.866795168,17.23073042
18,2017-12-13,-0.103745417,0.230228248,1.628376253,2.975387072,16.79821574
19,2017-12-12,-0.071903021,0.241144055,1.327813326,2.76767472,17.28882635
20,2017-12-11,-0.181559703,0.215878092,0.706082675,2.520452742,16.95346596
21,2017-12-10,-0.198965584,0,0.314386915,2.299610295,16.70153292
22,2017-12-09,-0.198965584,0,0.314386915,2.123891733,16.70153292
23,2017-12-08,-0.198965584,0.482797579,0.314386915,1.762569313,17.24844998
24,2017-12-07,-0.455354637,0.448163001,-0.369823981,1.283554064,17.10051683
25,2017-12-06,-0.090364332,-0.066199698,0.19554709,0.891852438,17.96766712
26,2017-12-05,0.401928342,-0.373918973,0.166803391,1.178555497,18.32175229
27,2017-12-04,0.747222713,-0.17391102,1.162951549,1.558301254,19.20624246
28,2017-12-03,0.185227659,0,1.226115349,1.73523003,19.41391642
29,2017-12-02,0.185227659,0,1.226115349,1.913629829,19.41391642
30,2017-12-01,0.185227659,-0.202561991,1.226115349,2.051263543,19.43942675
31,2017-11-30,-0.71905039,1.0181759,1.62331963,2.372676035,19.4886887
32,2017-11-29,0.214132085,-0.094868308,0.600480053,1.512668936,18.34955318
33,2017-11-28,-0.440465196,0.616851759,0.56314995,1.511590036,18.52488
34,2017-11-27,0.108247566,-0.111581925,0.604903016,0.889252905,17.35908369
35,2017-11-26,-0.046789245,0,0.901485312,1.001952828,17.49018149
36,2017-11-25,-0.046789245,0,0.901485312,1.545231873,17.49018149
37,2017-11-24,-0.046789245,0.189036259,0.901485312,1.764545768,17.76046608
38,2017-11-23,0.162296823,0.0014271,0.599166743,1.134714187,17.52222823
39,2017-11-22,0.210221532,-0.131940385,1.329206451,1.621008647,17.62175116
40,2017-11-21,-0.372589926,0.658627121,1.006859947,1.527067733,18.20199706
41,2017-11-20,-0.162738771,0.182888181,-0.001759709,0.862758253,18.36347435
42,2017-11-19,0.112314202,0,-0.156309338,0.678628939,18.14739673
43,2017-11-18,0.112314202,0,-0.156309338,1.184407495,18.14739673
44,2017-11-17,0.112314202,-0.111147688,-0.156309338,1.232616103,18.10251356
45,2017-11-16,-0.387904578,0.727129061,-0.216902797,1.61535882,18.74675564
46,2017-11-15,0.124401086,-0.449638717,-1.287709055,0.99978169,17.7109738
47,2017-11-14,0.045437127,-0.346515203,-0.832131751,1.675282734,19.0686938
48,2017-11-13,-0.283434026,0.028053174,-0.427903871,2.028828135,19.61498178
49,2017-11-12,0.057616188,0,-0.239041002,2.000213837,19.58143539
50,2017-11-11,0.057616188,0,-0.239041002,2.240097478,19.58143539
51,2017-11-10,0.057616188,-0.171768555,-0.239041002,2.01260306,19.21960953
52,2017-11-09,-0.053977232,-0.353807923,0.107850584,2.387439474,19.90679349
53,2017-11-08,-0.114089909,0.009806452,0.59897274,3.021033353,21.64957499
54,2017-11-07,0.002505682,0.059692147,0.701518891,2.951146713,21.97887753
55,2017-11-06,-0.171779566,0.217780878,0.812079022,2.889729625,24.00523613
56,2017-11-05,-0.074599065,0,0.496507694,2.666142399,23.73576329
57,2017-11-04,-0.074599065,0,0.496507694,2.563581184,23.73576329
58,2017-11-03,-0.074599065,0.175356953,0.496507694,3.069558229,23.32391154
59,2017-11-02,-0.097706521,0.135049369,0.860202625,2.929370878,22.80857512
60,2017-11-01,0.241317263,0.111752032,0.941715866,3.068711467,21.6550612
61,2017-10-31,-0.059678048,0.169547617,0.394419523,3.507488235,21.02312823
62,2017-10-30,-0.006498677,-0.095930122,0.707846227,3.332290798,20.76430212
63,2017-10-29,-0.293996982,0,0.578483037,3.431512775,20.8802627
64,2017-10-28,-0.293996982,0,0.578483037,3.634796909,20.8802627
65,2017-10-27,-0.293996982,0.537889645,0.578483037,3.750334016,20.61218426
66,2017-10-26,-0.039611048,0.215976556,0.542948382,3.804423191,19.8358114
67,2017-10-25,0.335334379,-0.431044326,0.374066918,3.482812799,19.37129623
68,2017-10-24,-0.23257491,0.482272281,1.077266177,3.81206465,19.47248772
69,2017-10-23,0.348043835,-0.22426083,0.709763332,3.313810778,19.26301878
70,2017-10-22,-0.220116767,0,1.154315519,3.546023952,19.53108018
71,2017-10-21,-0.220116767,0,1.154315519,3.536074285,19.53108018
72,2017-10-20,-0.220116767,0.502369332,1.154315519,3.471763757,19.79696352
73,2017-10-19,-0.308433519,0.047644305,0.885392507,3.251942742,19.07905257
74,2017-10-18,0.012841722,0.266514495,0.61297609,3.436144793,19.42444574
75,2017-10-17,-0.117561393,0.116932751,0.541256204,3.464795605,19.96574752
76,2017-10-16,-0.054807907,0.216168395,0.687764346,3.343952678,19.64232017
77,2017-10-15,-0.004371338,0,0.412268142,3.121037586,19.38424916
78,2017-10-14,-0.004371338,0,0.412268142,3.319612364,19.38424916
79,2017-10-13,-0.004371338,0.235179547,0.412268142,3.447727163,19.33064851
80,2017-10-12,0.129613589,-0.222509978,0.076598806,3.273168779,18.8938369
81,2017-10-11,-0.164345123,0.195041577,0.794584826,3.942023691,19.39579586
82,2017-10-10,-0.079936478,0.262822571,0.637716242,4.679914179,18.20184602
83,2017-10-09,0.098740897,-0.058037455,0.645529925,4.405512925,18.28661953
84,2017-10-08,-0.068601063,0,1.245703565,4.466142415,18.35530994
85,2017-10-07,-0.068601063,0,1.245703565,4.311656399,18.35530994
86,2017-10-06,-0.068601063,-0.099897797,1.245703565,4.188377039,18.12438936
87,2017-10-05,-0.395801811,0.493330126,1.546134064,4.405264688,18.13776781
88,2017-10-04,-0.044484695,0.039106074,1.160288449,2.95929579,18.25438392
89,2017-10-03,-0.223175078,0.270607147,1.717663939,2.919048191,17.40268348
90,2017-10-02,-0.462275937,0.537940643,1.347271522,2.641293515,16.76967306
91,2017-10-01,-0.166038124,0,0.689835565,2.092098624,16.14488253
92,2017-09-30,-0.166038124,0,0.689835565,2.160211781,16.14488253
93,2017-09-29,-0.166038124,0.196539844,0.689835565,2.625612492,16.70947661
94,2017-09-28,-0.263686679,0.111484859,0.48267186,2.772108197,15.78491186
95,2017-09-27,-0.347201788,0.590304045,0.308429216,2.90221197,16.54273099
96,2017-09-26,0.169323967,-0.094515989,0.007826549,2.319214768,16.24585644
97,2017-09-25,-0.00636235,-0.114245216,0.328800874,2.416014277,15.45828043
98,2017-09-24,-0.086437442,0,0.739145498,2.5331535,15.59033686
99,2017-09-23,-0.086437442,0,0.739145498,2.552187476,15.59033686
100,2017-09-22,-0.086437442,-0.009608932,0.739145498,2.489574465,14.80498057
101,2017-09-21,0.024445476,-0.062114126,0.942833119,2.416003435,15.50713665
102,2017-09-20,-0.290597271,0.28885666,1.13081727,3.243734052,16.81959006
103,2017-09-19,-0.087166358,0.226129869,0.90613204,3.010635166,16.60706209
104,2017-09-18,-0.194309552,0.29428735,1.105047615,2.778222905,16.43798844
105,2017-09-17,-0.076952613,0,1.72203994,2.476647096,16.09633162
106,2017-09-16,-0.076952613,0,1.72203994,2.099182458,16.09633162
107,2017-09-15,-0.076952613,0.192564759,1.72203994,1.022969889,15.64801682
108,2017-09-14,-0.199963081,0.123998529,1.376396728,0.885665483,16.6245257
109,2017-09-13,-0.124407049,0.066042037,1.131185184,0.705270909,16.48798478
110,2017-09-12,-0.256882917,0.42370496,1.173653438,1.367458126,14.69214188
111,2017-09-11,-0.396080859,0.90633202,-0.15838537,0.939771309,15.39367412
112,2017-09-10,0.042348396,0,-1.05515419,0.033138939,14.35721804
113,2017-09-09,0.042348396,0,-1.05515419,0.068722322,14.35721804
114,2017-09-08,0.042348396,-0.147881421,-1.05515419,-1.057963827,11.98487366
115,2017-09-07,0.178414041,-0.118183686,-0.842505286,-1.114749316,11.96091325
116,2017-09-06,0.120679697,0.108063004,-0.272922606,-1.113315487,12.0371449
117,2017-09-05,0.666993776,-0.898460127,-0.042298555,-1.087654208,12.17998318
118,2017-09-04,0.004380892,0,1.104202055,-0.190909325,13.19701321
119,2017-09-03,0.004380892,0,1.124832431,-0.190909325,13.19701321
120,2017-09-02,0.004380892,0,1.124832431,0.131305955,13.19701321
121,2017-09-01,0.004380892,0.066717364,1.124832431,-0.067255303,13.80146566
122,2017-08-31,-0.262627959,0.455559658,1.076169614,0.119552479,14.05851933
123,2017-08-30,-0.316647772,0.339568104,0.556363556,-0.004384085,13.10641149
124,2017-08-29,-0.735450749,0.238220431,0.134499982,-0.239121499,12.55873929
125,2017-08-28,0.099926793,0.020405063,0.641342794,-0.476207507,12.77581166
126,2017-08-27,0.182757089,0,0.683627779,-0.496511256,12.75280438
127,2017-08-26,0.182757089,0,0.683627779,-0.582828352,12.75280438
128,2017-08-25,0.182757089,0.018563729,0.683627779,-0.446956666,12.63989554
129,2017-08-24,0.237813874,-0.061054779,0.294149253,-0.295873239,12.51602133
130,2017-08-23,-0.216972178,-0.081385949,-0.702410802,0.165083196,11.87136609
131,2017-08-22,-0.556252959,0.745588236,-0.565492175,0.025032416,12.11162622
132,2017-08-21,-0.082128599,0.062429158,-1.355695394,-0.7152232,11.39834137
133,2017-08-20,0.25579235,0,-0.703474959,-0.777167179,11.32883971
134,2017-08-19,0.25579235,0,-0.703474959,-1.029604756,11.32883971
135,2017-08-18,0.25579235,-0.368342103,-0.703474959,-1.03932227,11.16958859
136,2017-08-17,0.87799146,-1.054085394,-0.300919913,-0.204264291,11.68522214
137,2017-08-16,0.115675263,0.056388991,-0.373293654,0.771578326,12.93537063
138,2017-08-15,0.183714191,-0.055034102,-0.633748552,0.680343392,12.30677119
139,2017-08-14,-0.274865397,0.724026007,-0.695092587,0.735782426,12.71147452
140,2017-08-13,-0.010003946,0,-1.276764961,0.011671911,11.90128015
141,2017-08-12,-0.010003946,0,-1.276764961,0.394713822,11.90128015
142,2017-08-11,-0.010003946,0.035571595,-1.276764961,0.460638389,11.67404967
143,2017-08-10,0.850312001,-1.125912397,-0.993273438,0.877415266,12.10964575
144,2017-08-09,-0.073469305,-0.20518923,-0.064417534,2.160373924,13.1337383
145,2017-08-08,0.058642283,-0.116735407,0.395194704,2.592903716,13.54067805
146,2017-08-07,-0.119734406,0.134041233,0.845433099,2.712805928,13.90466084
147,2017-08-06,-0.099146574,0,0.815201877,2.575312715,13.75218601
148,2017-08-05,-0.099146574,0,0.815201877,2.855301133,13.75218601
149,2017-08-04,-0.099146574,0.322831596,0.815201877,2.133226367,14.8412078
150,2017-08-03,0.252348028,-0.198300877,0.403612315,1.952781553,14.53067419
151,2017-08-02,-0.087496845,0.253775586,0.740601648,2.038736758,15.05912568
152,2017-08-01,-0.005499201,0.331207155,0.656774608,2.017153455,14.03753953
153,2017-07-31,0.066648062,0.10402327,0.726781162,1.680380759,13.63736768
154,2017-07-30,-0.191150857,0,0.399643199,1.574719414,13.51928122
155,2017-07-29,-0.191150857,0,0.399643199,1.645001304,13.51928122
156,2017-07-28,-0.191150857,-0.086747809,0.399643199,0.704583392,13.5659468
157,2017-07-27,0.071881695,0.136668226,0.231159977,1.522881461,13.69000063
158,2017-07-26,0.09097971,0.170353638,0.084534914,0.817452119,13.59703559
159,2017-07-25,0.039805052,0.400987278,0.386300318,0.632394715,13.53261128
160,2017-07-24,0.187574134,-0.221092116,-0.101168309,0.230483229,12.54946653
161,2017-07-23,0.116931488,0,0.085949997,0.452575955,12.79885591
162,2017-07-22,0.116931488,0,0.085949997,0.739881998,12.79885591
163,2017-07-21,0.116931488,-0.254414805,0.085949997,0.874169935,13.14752915
164,2017-07-20,0.119512505,-0.009818607,0.725537069,1.100815635,13.2410019
165,2017-07-19,-0.407341351,0.472377795,0.801576184,0.564683875,13.55524126
166,2017-07-18,-0.04177406,-0.086552668,0.779712,0.813878506,13.00911853
167,2017-07-17,0.068924036,-0.034198437,0.999723753,0.901211196,13.38236514
168,2017-07-16,-0.340903308,0,1.253848804,0.935729638,13.4211534
169,2017-07-15,-0.340903308,0,1.253848804,1.032884521,13.4211534
170,2017-07-14,-0.340903308,0.382997207,1.253848804,0.90047109,13.34095175
171,2017-07-13,-0.02572747,0.065665378,1.142855856,0.091183736,13.45760142
172,2017-07-12,-0.048901995,0.450585015,0.366896663,0.345479972,13.45046587
173,2017-07-11,-0.149924788,0.131567946,0.062151066,-0.457996522,13.75404885
174,2017-07-10,-0.315881123,0.217325167,-0.183405754,-0.588789809,14.24153965
175,2017-07-09,-0.229780836,0,-0.168222038,-0.804366884,13.99380243
176,2017-07-08,-0.229780836,0,-0.168222038,-0.752578905,13.99380243
177,2017-07-07,-0.229780836,0.272958874,-0.168222038,-0.566540859,15.42031848
178,2017-07-06,0.325507318,-0.702029704,-0.371092075,-0.900494887,14.80144731
179,2017-07-05,-0.097406719,0.145585313,-0.595004528,-0.244783655,16.01933133
180,2017-07-04,0.144736902,-0.114159225,-0.019755459,-0.539762422,15.25292806
181,2017-07-03,0.066858724,0.23256984,-0.465145828,-0.426089618,15.96010366
182,2017-07-02,0.183225277,0,-0.709518644,-0.657131169,15.6910412
183,2017-07-01,0.183225277,0,-0.709518644,-0.431232374,15.6910412
184,2017-06-30,0.183225277,0.069192305,-0.709518644,0.281950684,15.81990297
185,2017-06-29,0.966439906,-0.925198386,-0.494386554,0.103311607,16.80364075
186,2017-06-28,-0.45129312,0.725120118,0.568716222,0.791344362,19.76001269
187,2017-06-27,0.541298766,-0.559129046,-0.185535715,0.076835557,20.66222096
188,2017-06-26,0.197704538,-0.013515972,-0.166395769,0.639540459,19.38514778
189,2017-06-25,-0.281050042,0,0.567340294,0.65314471,19.40128603
190,2017-06-24,-0.281050042,0,0.567340294,0.67369401,19.40128603
191,2017-06-23,-0.281050042,0.286011624,0.567340294,0.930190719,15.96309457
192,2017-06-22,-0.103332952,0.133301662,0.377050555,0.748441472,17.0139569
193,2017-06-21,0.096000011,-0.030304827,0.112045638,0.773422195,16.64333014
194,2017-06-20,0.414547771,-0.540060738,-0.280347153,1.146979962,16.78187763
195,2017-06-19,-0.353893364,0.721343695,0.58185592,1.696201217,18.30744129
196,2017-06-18,-0.203549156,0,-0.49173198,0.96787581,17.46014991
197,2017-06-17,-0.203549156,0,-0.49173198,1.804779263,17.46014991
198,2017-06-16,-0.203549156,0.096254204,-0.49173198,2.062850863,17.18617625
199,2017-06-15,-0.36388156,-0.131059735,-0.535519525,0.054710433,17.2813708
200,2017-06-14,0.502252348,-0.42213967,-0.218300974,0.031088807,17.41150507
201,2017-06-13,-0.202508606,0.319896781,0.140757528,0.939672192,17.37240793
202,2017-06-12,0.20162859,-0.353733066,-0.223492944,0.617799092,16.27744076
203,2017-06-11,0.013086761,0,-0.020042095,0.974980988,16.69021262
204,2017-06-10,0.013086761,0,-0.020042095,0.899149922,16.69021262
205,2017-06-09,0.013086761,0.052207922,-0.020042095,0.620287676,15.48519416
206,2017-06-08,-0.199949712,0.187448746,0.155016543,0.662833896,15.09510188
207,2017-06-07,0.139902964,-0.06381467,0.683668463,0.24329999,14.97939504
208,2017-06-06,-0.149742526,-0.045005289,0.638076887,0.47956488,15.35486642
209,2017-06-05,0.073436607,-0.150547785,0.437485848,0.524806359,15.99495143
210,2017-06-04,-0.205071174,0,0.600066274,0.676372408,16.16984256
211,2017-06-03,-0.205071174,0,0.600066274,1.296337178,16.16984256
212,2017-06-02,-0.205071174,0.227393065,0.600066274,0.961438842,16.2392426
213,2017-06-01,-0.590246582,0.716271855,0.392319564,0.521215095,16.41501414
214,2017-05-31,0.202507765,-0.109067771,-0.06768764,-0.000266568,15.60715785
215,2017-05-30,0.087820107,-0.244234814,0.146891362,0.132459635,15.4529536
216,2017-05-29,-0.03590944,0.011080777,0.550833641,0.37761672,15.6807355
217,2017-05-28,-0.005539072,0,0.881803094,0.366495332,15.6679186
218,2017-05-27,-0.005539072,0,0.881803094,0.439949432,15.6679186
219,2017-05-26,-0.005539072,0.020415954,0.881803094,0.190775156,16.08935785
220,2017-05-25,0.011395075,0.25478027,1.697230646,-0.091772881,16.00215139
221,2017-05-24,-0.053426677,0.105422377,1.695928452,0.367953242,16.59044128
222,2017-05-23,0.054292846,0.158129859,-0.31412317,1.194176389,17.59412411
223,2017-05-22,-0.404339586,0.340273599,-0.625415811,1.034410818,17.35912938
224,2017-05-21,-0.543734756,0,-0.484729516,0.691783263,16.9611415
225,2017-05-20,-0.543734756,0,-0.484729516,0.566225226,16.9611415
226,2017-05-19,-0.543734756,0.828880915,-0.484729516,1.291208988,17.69096759
227,2017-05-18,-0.450543525,0.253496546,-1.376932144,0.053071321,16.31306557
228,2017-05-17,1.316788914,-1.873192399,-1.898188521,-0.625949046,15.80444115
229,2017-05-16,0.234428644,-0.154637503,0.069016573,2.200084522,17.28970982
230,2017-05-15,-0.204139437,0.482327036,-0.00661886,2.358368948,18.70053636
231,2017-05-14,0.020152218,0,-0.31570814,1.867036689,18.13075977
232,2017-05-13,0.020152218,0,-0.31570814,1.867036689,18.13075977
233,2017-05-12,0.020152218,-0.075098867,-0.31570814,1.182516508,17.32431403
234,2017-05-11,0.148712137,-0.2763772,0.373526782,0.855331774,17.36736432
235,2017-05-10,-0.134665246,0.094513935,0.318938045,1.071483937,16.85913889
236,2017-05-09,0.259606297,-0.230103891,0.014112171,1.135500727,18.34068896
237,2017-05-08,-0.11006706,0.171726377,0.439031918,1.368754175,18.12713463
238,2017-05-07,-0.522332184,0,0.290424065,1.19497571,17.92462694
239,2017-05-06,-0.522332184,0,0.290424065,1.104119536,17.92462694
240,2017-05-05,-0.522332184,0.615799671,0.290424065,1.304038303,18.46683937
241,2017-05-04,0.332830279,-0.330612483,-0.250435003,0.439116617,17.7430562
242,2017-05-03,0.013477544,-0.209630011,-0.167838966,1.064436916,17.4387985
243,2017-05-02,-0.069032212,0.19377828,-0.219882395,1.28277842,16.55729465
244,2017-05-01,0.114392356,0.023514023,0.300283912,1.086893975,16.60328606
245,2017-04-30,0.083833144,0,1.208761138,1.063129967,16.57587438
246,2017-04-29,0.083833144,0,1.208761138,0.826938354,16.57587438
247,2017-04-28,0.083833144,0.073185877,1.208761138,0.858809715,16.47783836
248,2017-04-27,0.304793768,-0.248082836,1.008634397,0.879624326,15.52682136
249,2017-04-26,0.297707611,-0.261651654,1.989826751,1.804123883,16.13619823
250,2017-04-25,-0.234939715,0.716101052,1.844668497,2.133528349,16.50960867
251,2017-04-24,-0.148723206,0.929484386,0.688875776,1.407349254,15.32788282
252,2017-04-23,0.088594537,0,0.676791898,0.473464094,14.26580005
253,2017-04-22,0.088594537,0,0.676791898,0.378814982,14.26580005
254,2017-04-21,0.088594537,-0.124695416,0.676791898,0.546807275,14.19081035
255,2017-04-20,-0.579345066,0.720901835,0.80248798,0.811376677,13.87377118
256,2017-04-19,0.506830282,-0.403605464,-0.591516292,-1.041093044,13.33750026
257,2017-04-18,0.108079044,-0.426884027,-0.586137957,-0.776177632,14.33589435
258,2017-04-17,-0.738442597,0.917371632,-0.222486979,-0.350791076,15.4953293
259,2017-04-16,0.549713353,0,-0.973368606,-1.256634698,14.44543931
260,2017-04-15,0.549713353,0,-0.973368606,-1.465507572,14.44543931
261,2017-04-14,0.549713353,0,-0.973368606,-1.415353418,14.23864871
262,2017-04-13,0.549713353,-0.671974177,-1.062277969,-0.711957906,14.27971751
263,2017-04-12,0.299493556,-0.398216963,-0.195985736,-0.568947197,16.17537192
264,2017-04-11,0.00751159,-0.062650506,-0.040700036,-0.10093247,17.8164625
265,2017-04-10,-0.136423904,0.157911931,0.311943494,-0.038305963,17.83630942
266,2017-04-09,0.047985324,0,0.159756852,-0.195908531,17.65052521
267,2017-04-08,0.047985324,0,0.159756852,-0.004758035,17.65052521
268,2017-04-07,0.047985324,-0.089783285,0.159756852,0.007382316,18.1913925
269,2017-04-06,-0.07564638,0.19773553,0.015473663,-0.311360904,17.20236151
270,2017-04-05,0.520080064,-0.243245916,-0.150349715,-0.669624493,17.75653665
271,2017-04-04,-0.435241389,0.289915586,0.187048458,-0.559354066,17.31733913
272,2017-04-03,0.098128108,0.005958976,0.562829019,-0.846814604,16.39870221
273,2017-04-02,0.09636255,0,0.61824556,-0.852722766,16.39176645
274,2017-04-01,0.09636255,0,0.61824556,-0.663938496,16.39176645
275,2017-03-31,0.09636255,-0.233707004,0.61824556,-1.176845889,16.73197132
276,2017-03-30,-0.03598657,0.031609966,0.758940762,0.42605284,16.86797358
277,2017-03-29,-0.185330755,0.093838356,0.895676138,0.096581525,17.42491088
278,2017-03-28,-0.662236113,0.66608198,0.940299469,-0.07651267,18.03467146
279,2017-03-27,-0.629288466,0.061068646,-0.860580191,-0.737681089,17.39729818
280,2017-03-26,0.268114666,0,-1.056808088,-0.798262246,17.325649
281,2017-03-25,0.268114666,0,-1.056808088,-1.292003487,17.325649
282,2017-03-24,0.268114666,-0.094203094,-1.056808088,-1.376575887,17.325649
283,2017-03-23,-0.227568797,0.167358314,-1.173005572,-1.431954782,17.42259928
284,2017-03-22,-0.298947241,0.138107057,-1.287905432,-1.058172939,16.42362564
285,2017-03-21,1.333351096,-1.129905356,-0.720712288,-1.194630128,15.96385972
286,2017-03-20,0.136425312,-0.136983483,-0.117225456,-0.065464458,17.6007211
287,2017-03-19,0.281830353,0,0.090400476,0.071617128,17.76203564
288,2017-03-18,0.281830353,0,0.090400476,0.085739964,17.76203564
289,2017-03-17,0.281830353,-0.211531047,0.090400476,0.131807507,17.84359101
290,2017-03-16,0.108524155,0.050900099,0.49467677,0.829826873,19.10900862
291,2017-03-15,-0.459490685,0.713493974,0.455745684,1.119135191,19.6807046
292,2017-03-14,0.252695779,-0.528905877,-0.663094401,0.886609153,18.57878525
293,2017-03-13,-0.102421865,0.070601379,-0.297040668,1.423041581,19.11578128
294,2017-03-12,0.129253905,0,-0.499398029,1.351486034,19.03174323
295,2017-03-11,0.129253905,0,-0.499398029,1.897302143,19.03174323
296,2017-03-10,0.129253905,0.191525711,-0.499398029,2.428678697,20.57488868
297,2017-03-09,0.011917228,0.012140929,-0.500508111,2.301109648,20.24392177
298,2017-03-08,0.441842755,-0.408216819,-1.026275682,2.502747755,20.72981425
299,2017-03-07,0.051992685,-0.162357663,0.755305057,2.81261934,20.36270618
300,2017-03-06,-0.135355245,-0.13250215,0.619861839,2.97981496,21.31332782
301,2017-03-05,-0.226824555,0,0.673514067,3.116446468,21.47428385
302,2017-03-04,-0.226824555,0,0.673514067,3.858750211,21.47428385
303,2017-03-03,-0.226824555,0.190407921,0.673514067,3.823951448,22.02885086
304,2017-03-02,0.499158679,-0.516335543,-0.017926203,3.799069472,22.3337073
305,2017-03-01,-0.599508,1.384489315,0.414887529,4.031353164,23.27832605
306,2017-02-28,0.264454938,-0.296567286,-1.105225703,1.777582963,23.79184356
307,2017-02-27,0.046441936,-0.079251095,-0.268297004,2.080319797,23.78315941
308,2017-02-26,0.134579956,0,-0.189195848,2.161283733,23.88133673
309,2017-02-25,0.134579956,0,-0.189195848,2.060167813,23.88133673
310,2017-02-24,0.134579956,-0.497714306,-0.189195848,2.063091071,23.85208133
311,2017-02-23,0.359470703,-0.085679381,0.324218165,3.194141274,25.47262259
312,2017-02-22,-0.009748222,-0.150302065,0.456465954,4.016792114,25.85404905
313,2017-02-21,-0.345066598,0.547204944,1.094718034,3.923309476,24.7742462
314,2017-02-20,-0.287797428,0,0.884347218,3.357730862,25.3308933
315,2017-02-19,-0.287797428,0,1.370509613,3.357730862,25.3308933
316,2017-02-18,-0.287797428,0,1.370509613,3.973411609,25.3308933
317,2017-02-17,-0.287797428,0.014112728,1.370509613,3.7699824,24.90109227
318,2017-02-16,-0.008578396,0.046028079,1.902047012,3.647840912,24.77279511
319,2017-02-15,-0.490229092,0.484094903,2.386321852,3.266917861,27.20010496
320,2017-02-14,-0.447176488,0.337973463,1.961069122,2.726627252,28.51270706
321,2017-02-13,-0.219228851,0.481900719,1.830281094,2.380607966,28.07983122
322,2017-02-12,-0.335361242,0,1.233330641,1.889601245,27.46557371
323,2017-02-11,-0.335361242,0,1.233330641,2.136864548,27.46557371
324,2017-02-10,-0.335361242,0.538537845,1.233330641,1.764939097,30.15408835
325,2017-02-09,-0.418749094,0.521482457,1.415915324,1.647702234,27.97315962
326,2017-02-08,-0.233583167,0.066742908,0.855988766,1.180115115,26.6354724
327,2017-02-07,-0.01754275,0.20926742,0.956428591,0.689928202,25.5240371
328,2017-02-06,0.000712779,-0.107145245,0.449702022,0.479657016,23.43869358
329,2017-02-05,-0.394013524,0,-0.259019902,0.587431665,23.57109413
330,2017-02-04,-0.394013524,0,-0.259019902,0.622583362,23.57109413
331,2017-02-03,-0.394013524,0.719869398,-0.259019902,0.706698818,22.16964625
332,2017-02-02,-0.068285618,-0.033505856,-1.069907744,0.533817134,22.22184686
333,2017-02-01,0.166722633,0.166396743,-1.033914705,1.27340757,23.41718603
334,2017-01-31,0.06786709,-0.293708953,-0.60060942,1.105171857,20.90729693
335,2017-01-30,0.514427882,-0.811938337,0.400832669,1.403001551,20.72464528
336,2017-01-29,0.130284093,0,0.979723978,2.233071048,21.7128788
337,2017-01-28,0.130284093,0,0.979723978,1.635058892,21.7128788
338,2017-01-27,0.130284093,-0.098976752,0.979723978,1.729788181,24.42408066
339,2017-01-26,0.016918816,0.00286425,1.68188085,1.484354465,25.94177643
340,2017-01-25,-0.267504295,0.604957378,1.480028495,1.578396443,24.87055065
341,2017-01-24,-0.65958066,0.710825137,0.765300002,0.967585585,26.08776908
342,2017-01-23,0.097635403,-0.240039625,-0.267741318,0.254948212,23.2036121
343,2017-01-22,-0.260387033,0,-0.069392814,0.496178863,23.50006118
344,2017-01-21,-0.260387033,0,-0.069392814,0.557066762,23.50006118
345,2017-01-20,-0.260387033,0.595679434,-0.069392814,0.505575815,26.10115862
346,2017-01-19,0.259396217,-0.195655029,-0.420060771,-0.177463416,26.53176891
347,2017-01-18,0.091827421,-0.103607949,-0.588171084,0.366734854,25.1731882
348,2017-01-17,0.222906374,-0.32165771,-0.064402301,0.663574763,25.58602854
349,2017-01-16,0.055412191,-0.041636027,0.317314061,0.988411775,25.5108224
350,2017-01-15,-0.160653066,0,-0.060451668,1.030476852,25.56310189
351,2017-01-14,-0.160653066,0,-0.060451668,1.033830595,25.56310189
352,2017-01-13,-0.160653066,0.242677663,-0.060451668,1.293615245,22.63680207
353,2017-01-12,0.259209917,-0.364144183,-0.26755475,0.220927323,24.14918349
354,2017-01-11,-0.279046536,0.42271384,0.180618489,1.242279044,21.87833091
355,2017-01-10,0.006405212,0.059076033,0.304570212,0.770271852,22.17438369
356,2017-01-09,0.303137134,-0.418050055,0.948982363,0.710775921,21.83261384
357,2017-01-08,-0.042228622,0,1.372771289,1.133564844,22.34407331
358,2017-01-07,-0.042228622,0,1.372771289,1.607523247,22.34407331
359,2017-01-06,-0.042228622,0.034946411,1.372771289,1.969264079,21.52875192
360,2017-01-05,-0.077757434,0.083595007,0.744584838,3.148690558,18.60566113
361,2017-01-04,-0.416850824,0.546965104,0.754258629,3.303450316,16.81625136
362,2017-01-03,-0.127736676,0.701910993,-0.134533473,3.122471602,16.16511206
363,2017-01-02,0.664377157,0,-0.735874424,2.403688853,13.83374469
364,2017-01-01,0.664377157,0,-0.735874424,2.403688853,13.83374469
365,2016-12-31,0.664377157,0,-0.735874424,2.42556529,13.83374469
366,2016-12-30,0.664377157,-0.584949811,-0.735874424,2.260249163,13.83374469
367,2016-12-29,-0.079876145,0.093205328,-0.091317343,2.918645081,13.32752232
368,2016-12-28,0.519220509,-0.339998382,-0.235462144,2.877442988,12.39789531
369,2016-12-27,-0.001413928,0.095533383,0.016828452,2.84357892,13.42803314
370,2016-12-26,-0.068371006,0,0.269540272,2.745422742,13.21266577
371,2016-12-25,-0.068371006,0,0.461898256,2.745422742,13.21266577
372,2016-12-24,-0.068371006,0,0.461898256,2.981787209,13.21266577
373,2016-12-23,-0.068371006,0.060587277,0.461898256,2.967726763,13.21266577
374,2016-12-22,0.019683665,-0.051205697,0.404400833,2.993993752,13.06586199
375,2016-12-21,0.090576192,-0.087972143,0.714138429,3.418473818,14.50235871
376,2016-12-20,-0.169034524,0.348444066,-0.022638235,4.333612295,15.41532305
377,2016-12-19,-0.152847456,0.191840896,0.279043033,3.971330365,15.61817404
378,2016-12-18,0.339336758,0,0.041523178,3.772252745,15.3967958
379,2016-12-17,0.339336758,0,0.041523178,3.732830573,15.3967958
380,2016-12-16,0.339336758,0.003319536,0.041523178,4.18276132,13.95641916
381,2016-12-15,-0.222841049,0.257126399,0.507027405,4.021497889,12.42802587
382,2016-12-14,0.673025944,-0.818880949,0.606165266,4.479558323,13.86324737
383,2016-12-13,-0.354383404,0.651245073,2.645938412,5.458794641,16.18301034
384,2016-12-12,0.104023234,-0.045472412,2.220175626,4.776443217,15.54706841
385,2016-12-11,-0.360376388,0,2.645899462,4.824109268,15.59963436
386,2016-12-10,-0.360376388,0,2.645899462,4.506935674,15.59963436
387,2016-12-09,-0.360376388,0.468645997,2.645899462,4.928770766,13.49031313
388,2016-12-08,-0.299533188,0.356017763,2.188923345,5.582404792,13.52831257
389,2016-12-07,-1.236502437,1.191999624,1.662054189,5.502986418,12.66906575
390,2016-12-06,-0.189751937,0.233756031,0.519901074,6.055483597,10.46216152
391,2016-12-05,-0.036979414,0.370815514,0.33876377,5.808150663,8.804931082
392,2016-12-04,-0.130307741,0,-0.404617649,5.417247157,8.402956104
393,2016-12-03,-0.130307741,0,-0.404617649,5.066368176,8.402956104
394,2016-12-02,-0.130307741,0.021362939,-0.404617649,4.810796261,9.979012017
395,2016-12-01,0.359297684,-0.161401235,-0.196820701,3.944342756,8.504511086
396,2016-11-30,0.290058145,0.055127479,-0.049125214,3.687316629,7.594956518
397,2016-11-29,-0.235456463,0.053134362,-0.018172322,3.583885967,8.669316721
398,2016-11-28,0.240854774,-0.372803368,0.289197967,3.528876559,8.553845058
399,2016-11-27,-0.141044625,0,1.465906887,3.91627995,8.960051801
400,2016-11-26,-0.141044625,0,1.465906887,3.685822854,8.960051801
401,2016-11-25,-0.141044625,0.230048658,1.465906887,3.572529217,8.834265953
402,2016-11-24,-0.193362484,-0.013653332,1.194564139,3.156569797,8.646077617
403,2016-11-23,-0.341672201,0.086112657,1.647363663,2.813025937,8.688811563
404,2016-11-22,-0.198551292,0.360723866,1.406070285,3.039005484,8.730571148
405,2016-11-21,-0.514717723,0.796138187,1.747476166,2.668655142,8.093929523
406,2016-11-20,0.020636362,0,1.055564273,1.857726882,7.240149739
407,2016-11-19,0.020636362,0,1.055564273,2.084297853,7.240149739
408,2016-11-18,0.020636362,-0.037989126,1.055564273,1.982301036,7.491663968
409,2016-11-17,-0.418240405,0.433739969,0.788081939,2.365721981,7.716404901
410,2016-11-16,-0.058078307,-0.15147458,0.757878939,2.658488767,8.640081875
411,2016-11-15,-0.562076244,0.698610358,2.015197504,2.656938676,8.712993487
412,2016-11-14,0.022884931,0.110695664,1.591651593,1.944742148,9.600426457
413,2016-11-13,0.131576458,0,3.226712145,1.832018519,9.479237689
414,2016-11-12,0.131576458,0,3.226712145,1.786298397,9.479237689
415,2016-11-11,0.131576458,-0.302576951,3.226712145,1.652212442,8.447011979
416,2016-11-10,-0.147669791,0.403643155,3.195369715,2.163360362,7.181451846
417,2016-11-09,-1.325706959,1.094496514,2.530491656,0.93159865,6.336672629
418,2016-11-08,-0.353903247,0.280530643,0.6035096,0.17305672,5.042416417
419,2016-11-07,-0.977810874,1.721921062,-0.087514489,-0.107173269,3.874558354
420,2016-11-06,0.226208171,0,-1.822691132,-1.798131919,2.116198032
421,2016-11-05,0.226208171,0,-1.822691132,-1.989731542,2.116198032
422,2016-11-04,0.226208171,-0.332847793,-1.822691132,-2.076552351,2.274855821
423,2016-11-03,0.339002659,-0.243248072,-1.713275611,-1.167365216,2.2875292
424,2016-11-02,0.635754711,-0.805497113,-1.581268186,-1.601461151,2.248983219
425,2016-11-01,0.580164923,-0.408274973,-0.953208628,-1.070291515,3.613321618
426,2016-10-31,0.118780587,-0.044679985,-0.891910256,-0.66473047,5.007483023
427,2016-10-30,0.195379342,0,-0.544104961,-0.620327648,5.054421322
428,2016-10-29,0.195379342,0,-0.544104961,-0.137231248,5.054421322
429,2016-10-28,0.195379342,-0.221771888,-0.544104961,-0.733622207,4.008170517
430,2016-10-27,0.40126017,-0.109266275,-0.101329424,0.249799315,3.924230363
431,2016-10-26,-0.176709569,-0.172486968,-0.091976711,0.694725015,5.262414756
432,2016-10-25,0.291196964,-0.346639351,0.418758001,0.090624771,5.05349476
433,2016-10-24,-0.02177029,0.306098541,1.494578587,0.438785124,4.9080533
434,2016-10-23,-0.272606654,0,1.030058371,0.132281671,4.587911229
435,2016-10-22,-0.272606654,0,1.030058371,-0.548047838,4.587911229
436,2016-10-21,-0.272606654,0.222438668,1.030058371,0.050593226,5.590665776
437,2016-10-20,-0.077649172,-0.099914306,0.760567844,0.900128598,7.053852786
438,2016-10-19,-0.242136284,0.337836172,0.72847527,1.108511008,6.486754504
439,2016-10-18,-0.217079647,0.720981271,0.588839076,0.8495083,6.247640641
440,2016-10-17,0.149913045,-0.152982242,-0.937039692,0.127607006,5.359869728
441,2016-10-16,0.419658261,0,-0.453156915,0.281019157,5.521298576
442,2016-10-15,0.419658261,0,-0.453156915,-0.106223619,5.521298576
443,2016-10-14,0.419658261,-0.04489759,-0.453156915,0.931244047,5.825505882
444,2016-10-13,-0.339248887,-0.131732814,-0.602753723,0.983422263,6.683265118
445,2016-10-12,-0.196913339,0.198741507,-0.559807801,-0.376493562,6.399966986
446,2016-10-11,0.801820023,-0.806902024,-0.169001388,0.457909114,5.558073146
447,2016-10-10,-0.048478439,0.334730341,-0.042695238,1.275099945,6.579937037
448,2016-10-09,0.316560035,0,-0.645181417,0.937232403,6.224371835
449,2016-10-08,0.316560035,0,-0.645181417,-1.156713914,6.224371835
450,2016-10-07,0.316560035,-0.195107921,-0.645181417,-1.324002113,6.338248379
451,2016-10-06,0.028777119,-0.088583381,0.032966406,-1.180709938,7.357259197
452,2016-10-05,-0.296783511,0.592529068,-0.476279514,-0.859978527,8.614404634
453,2016-10-04,0.715855145,-0.681402945,-0.303938907,-1.443951761,8.174959155
454,2016-10-03,0.152718207,-0.270030747,0.715389194,-0.767780495,10.78579698
455,2016-10-02,-0.219266295,0,0.209081598,-0.499097465,11.0857627
456,2016-10-01,-0.219266295,0,0.209081598,0.032220126,11.0857627
457,2016-09-30,-0.219266295,0.486111886,0.209081598,0.325061559,12.33754066
458,2016-09-29,0.50947185,-0.597210518,-0.953247749,-0.542654348,11.58654637
459,2016-09-28,-0.593383053,0.766720481,0.241607679,-0.091482149,14.2952172
460,2016-09-27,-0.45698645,0.33406583,0.546722056,-0.423815559,13.602619
461,2016-09-26,0.464233313,-0.771384526,0.318576479,-0.755357995,10.48387385
462,2016-09-25,0.605734494,0,1.180129424,0.016151118,11.34275463
463,2016-09-24,0.605734494,0,1.180129424,-0.084003438,11.34275463
464,2016-09-23,0.605734494,-0.679430747,1.180129424,-0.175356975,11.66370962
465,2016-09-22,-0.156735353,0.601939984,1.478893469,-0.12934414,11.96880818
466,2016-09-21,-0.727919731,1.07343319,1.919330498,-0.594672947,10.79315075
467,2016-09-20,0.248222607,0.106402781,0.843746301,-1.547499658,7.948012672
468,2016-09-19,0.209709807,0.080807649,-0.750947625,-1.652144511,8.620479433
469,2016-09-18,0.288642142,0,0.198252071,-1.731552932,8.532776649
470,2016-09-17,0.288642142,0,0.198252071,-1.87212172,8.532776649
471,2016-09-16,0.288642142,-0.3861576,0.198252071,-1.780101801,6.994413863
472,2016-09-15,-1.011954177,1.038570874,-1.499998834,-1.346630397,7.28792523
473,2016-09-14,0.01901744,0.006775992,-2.677469493,-2.849393966,7.586888315
474,2016-09-13,0.990592171,-1.476631153,-2.73289327,-2.559567857,8.812503634
475,2016-09-12,-1.446580869,1.037962099,-1.04240312,-1.099167351,9.856378097
476,2016-09-11,1.553334496,0,-2.058993645,-2.115174738,8.727824488
477,2016-09-10,1.553334496,0,-2.058993645,-2.313942941,8.727824488
478,2016-09-09,1.553334496,-2.074503399,-2.058993645,-1.898024431,8.814272269
479,2016-09-08,0.033677,-0.169245889,0.549905579,-0.042907035,11.6213813
480,2016-09-07,-0.01377845,-0.050176425,1.01522664,0.280518313,10.53607889
481,2016-09-06,-0.139607219,0.235692675,0.678858452,0.534999096,12.78868283
482,2016-09-05,-0.217037403,0,0.295191155,0.298602636,12.52347325
483,2016-09-04,-0.217037403,0,0.727997366,0.298602636,12.52347325
484,2016-09-03,-0.217037403,0,0.727997366,1.258824741,12.52347325
485,2016-09-02,-0.217037403,0.533982684,0.727997366,1.311029796,11.08078925
486,2016-09-01,-0.351320829,0.29274711,0.092652546,1.037136603,10.67275892
487,2016-08-31,0.240433441,-0.382996953,-0.290758431,0.101136602,11.89478291
488,2016-08-30,0.162291592,-0.146285803,-0.541643825,0.465026012,9.162293749
489,2016-08-29,-0.389765766,0.431532365,-0.263260731,0.612207387,8.767246537
490,2016-08-28,0.249994219,0,-0.587914237,0.179898701,8.299897428
491,2016-08-27,0.249994219,0,-0.587914237,0.221080725,8.299897428
492,2016-08-26,0.249994219,-0.100138383,-0.587914237,0.243522721,8.600920977
493,2016-08-25,0.010454462,-0.091430341,-0.630612053,0.398979883,11.45462838
494,2016-08-24,0.554915223,-0.633650259,-0.446405711,0.604960364,15.08710456
495,2016-08-23,0.092774435,0.133203895,0.242005003,0.772226825,15.32267405
496,2016-08-22,-0.27976513,0.104617234,-0.392413385,0.63817286,11.18393153
497,2016-08-21,0.040954596,0,-0.192903336,0.532998017,11.06773553
498,2016-08-20,0.040954596,0,-0.192903336,0.843756188,11.06773553
499,2016-08-19,0.040954596,-0.1430457,-0.192903336,0.670291226,8.026933119
500,2016-08-18,-0.08671386,0.093775511,-0.252891017,1.084332296,5.811713771
501,2016-08-17,-0.106175444,0.053465663,0.077954233,0.97869628,4.685636054
502,2016-08-16,0.375364767,-0.500525905,-0.198302265,1.170428944,4.282700058
503,2016-08-15,-0.190673839,0.305122816,0.457981696,1.679360483,5.065266854
504,2016-08-14,0.14005485,0,0.356169119,1.37005731,4.745663935
505,2016-08-13,0.14005485,0,0.356169119,1.298377151,4.745663935
506,2016-08-12,0.14005485,-0.203063348,0.356169119,1.791001946,5.100946582
507,2016-08-11,-0.270940417,0.425770599,1.523098546,2.058681145,5.019902613
508,2016-08-10,0.300224327,-0.222723236,1.144795051,2.357066136,4.397535779
509,2016-08-09,-0.07754827,0.153770671,1.636354599,3.160724503,3.700716631
510,2016-08-08,-0.163072247,0.203465158,0.834530684,3.002337119,4.850164362
511,2016-08-07,-0.680570466,0,0.60878524,2.793188795,4.637263987
512,2016-08-06,-0.680570466,0,0.60878524,4.079540599,4.637263987
513,2016-08-05,-0.680570466,0.957363392,0.60878524,3.804048499,4.184888303
514,2016-08-04,-0.088588405,0.051556055,-0.304306502,3.180982304,2.362584145
515,2016-08-03,-0.274445563,0.262190229,-0.333366337,2.595716662,2.420884289
516,2016-08-02,0.541613102,-0.636356925,-0.539538756,2.837757738,2.050686378
517,2016-08-01,-0.078343553,-0.020867475,0.211092865,3.496364017,2.416505284
518,2016-07-31,-0.103131278,0,-0.237521195,3.517965603,2.437881483
519,2016-07-30,-0.103131278,0,-0.237521195,3.633268467,2.437881483
520,2016-07-29,-0.103131278,0.041108071,-0.237521195,4.585812107,2.500827411
521,2016-07-28,-0.033259361,0.02239249,0.029734925,6.197170227,2.700547755
522,2016-07-27,0.082411175,0.054785831,-0.164685423,7.748933835,3.689702709
523,2016-07-26,-0.112353419,0.113544005,0.047712068,5.954405923,4.548888889
524,2016-07-25,0.392964281,-0.46844312,-0.0765755,5.834237491,3.427948576
525,2016-07-24,-0.259032494,0,0.638111946,6.332344041,3.914729979
526,2016-07-23,-0.259032494,0,0.638111946,3.270476211,3.914729979
527,2016-07-22,-0.259032494,0.309110617,0.638111946,4.504359688,3.05983611
528,2016-07-21,0.188476911,-0.172013587,0.257044188,3.990773772,2.22604249
529,2016-07-20,-0.180759509,0.267650243,0.918197881,4.262086006,1.94019451
530,2016-07-19,-0.119620664,-0.010825345,0.708568376,4.773239014,1.02979039
531,2016-07-18,-0.208035028,0.243441552,1.444028865,4.784582306,0.554314471
532,2016-07-17,0.12802431,0,1.765066655,4.530112578,0.310117963
533,2016-07-16,0.12802431,0,1.765066655,4.286298001,0.310117963
534,2016-07-15,0.12802431,-0.070711372,1.765066655,4.471475,0.128208009
535,2016-07-14,-0.214263383,0.486310648,3.111464091,4.524234091,0.751301574
536,2016-07-13,0.019311425,0.059372069,2.340840027,3.544787658,0.394459098
537,2016-07-12,-0.493470763,0.719381513,2.639510103,2.845902949,0.802228139
538,2016-07-11,-0.423902368,0.560679868,1.380619108,2.111332898,1.194521935
539,2016-07-10,-0.908457883,0,1.3181602,1.542007306,0.630308057
540,2016-07-09,-0.908457883,0,1.3181602,0.493418987,0.630308057
541,2016-07-08,-0.908457883,1.251397898,1.3181602,0.206255066,1.784422193
542,2016-07-07,0.312669028,-0.264693809,0.177395009,-0.946392025,0.31152041
543,2016-07-06,-0.569051346,0.351383941,1.366484849,-0.422769545,-0.941234397
544,2016-07-05,0.278120345,-0.51595878,2.609999411,-0.265745865,-0.930937155
545,2016-07-04,-0.289110887,0.498726111,4.672727727,0.251510606,-0.822082994
546,2016-07-03,-0.160413921,0,2.474755536,-0.245988695,-1.314254574
547,2016-07-02,-0.160413921,0,2.474755536,-0.186395492,-1.314254574
548,2016-07-01,-0.160413921,0.111384399,2.474755536,0.191850394,-1.20319677
549,2016-06-30,-0.776843654,0.919148507,-0.586762855,0.097746634,-1.182002668
550,2016-06-29,-1.103397036,1.58244574,-0.315217156,-1.054257243,-1.635248018
551,2016-06-28,-1.04736858,1.483929632,-2.048524337,-2.641820201,-2.870083348
552,2016-06-27,1.27406232,-1.61159823,-3.395441752,-4.065421834,-6.289338031
553,2016-06-26,1.93027495,0,-1.067607732,-2.494017141,-4.754360999
554,2016-06-25,1.93027495,0,-1.067607732,-2.138751405,-4.754360999
555,2016-06-24,1.93027495,-2.879526317,-1.067607732,-2.192300586,-4.910507781
556,2016-06-23,-0.733608663,1.194807579,1.62804044,1.476211185,-2.438013327
557,2016-06-22,0.266449782,-0.183857778,0.606443861,1.247962591,-4.040984586
558,2016-06-21,-0.0260285,0.088437923,0.771350918,1.39183337,-3.514584734
559,2016-06-20,-0.404281493,0.759220218,0.223904689,1.30224377,-2.896553497
560,2016-06-19,0.241401852,0,-1.143996818,0.538931873,-3.628227478
561,2016-06-18,0.241401852,0,-1.143996818,1.16628498,-3.628227478
562,2016-06-17,0.241401852,-0.233248172,-1.143996818,0.810581084,-4.215454213
563,2016-06-16,-0.396572413,0.177565991,-1.936115506,0.859433972,-3.252618851
564,2016-06-15,0.130141638,-0.020246129,-2.389659703,0.061824592,-3.364328912
565,2016-06-14,0.331035626,-0.455298342,-2.285219972,1.129304892,-2.98469355
566,2016-06-13,0.443719637,-0.615987519,-1.580585148,1.591850905,-2.843690508
567,2016-06-12,0.727137419,0,-0.465894203,2.221522726,-2.241510414
568,2016-06-11,0.727137419,0,-0.465894203,1.523684908,-2.241510414
569,2016-06-10,0.727137419,-1.032664556,-0.465894203,1.484666298,-2.915955774
570,2016-06-09,0.027958902,-0.285753956,0.63276654,1.817382376,-1.926568191
571,2016-06-08,0.036318075,0.086728794,1.303595691,3.501442899,-0.665012183
572,2016-06-07,-0.221754301,0.262532301,1.233379672,2.987616077,-0.588228315
573,2016-06-06,-0.348688825,0.509628387,0.723650259,2.717948284,-1.734642395
574,2016-06-05,-0.152602396,0,0.165413161,2.197122736,-2.232891334
575,2016-06-04,-0.152602396,0,0.165413161,2.667020767,-2.232891334
576,2016-06-03,-0.152602396,0.059740157,0.165413161,2.668128482,-2.506067631
577,2016-06-02,-0.433007647,0.378952236,0.470347461,2.003332156,-3.441994041
578,2016-06-01,-0.284290746,0.017356216,0.036280872,0.644070465,-3.468769319
579,2016-05-31,0.3377195,-0.24230871,0.782275191,0.861380388,-3.500770583
580,2016-05-30,-0.133336234,-0.047422545,2.004198291,1.106369929,-3.0090842
581,2016-05-29,-0.358930398,0,2.009710117,1.154339891,-2.963066817
582,2016-05-28,-0.358930398,0,2.009710117,1.069272813,-2.963066817
583,2016-05-27,-0.358930398,0.364352756,2.009710117,0.317427994,-3.562029445
584,2016-05-26,0.272938717,-0.054719495,2.273604042,0.231200691,-4.034708755
585,2016-05-25,-0.609857972,0.763209409,1.969804138,0.34528071,-3.327547468
586,2016-05-24,-0.77726934,0.967191941,1.010340401,-0.718931815,-5.017291966
587,2016-05-23,-0.082759731,-0.042021579,-0.572178631,-1.669971922,-5.958167392
588,2016-05-22,-0.446197015,0,0.510429022,-1.628634721,-5.918632916
589,2016-05-21,-0.446197015,0,0.510429022,-1.693193319,-5.918632916
590,2016-05-20,-0.446197015,0.623990225,0.510429022,-2.088375907,-6.063554804
591,2016-05-19,0.07771711,-0.351603201,-0.794758646,-2.455620338,-6.28891824
592,2016-05-18,0.033471307,-0.184901125,-0.482981185,-1.647701098,-6.132917879
593,2016-05-17,0.551587466,-0.614651089,-1.004718828,-0.891203954,-5.920528914
594,2016-05-16,-0.871013039,1.046358624,0.965689001,-0.278263213,-5.191768519
595,2016-05-15,0.602886058,0,-0.489652714,-1.310905069,-6.173529881
596,2016-05-14,0.602886058,0,-0.489652714,-1.489225652,-6.173529881
597,2016-05-13,0.602886058,-0.682672102,-0.489652714,-1.453811016,-5.94288395
598,2016-05-12,0.233957315,-0.038433012,0.655035484,0.191648978,-4.515351288
599,2016-05-11,0.663934141,-0.708201512,0.694821544,1.241247792,-4.63404459
600,2016-05-10,-1.199834774,1.363520671,0.816552848,1.916638858,-4.358263153
601,2016-05-09,0.321296247,-0.410145881,-1.493100604,0.545677758,-5.934052268
602,2016-05-08,-0.577813885,0,-0.856638847,0.959760055,-5.546655767
603,2016-05-07,-0.577813885,0,-0.856638847,1.423895949,-5.546655767
604,2016-05-06,-0.577813885,0.459795754,-0.856638847,0.484876442,-4.522177935
605,2016-05-05,0.218173882,0.001078939,-1.393403709,0.696640198,-4.528307673
606,2016-05-04,0.395902633,-0.588166341,-2.127984888,0.075964445,-5.160288364
607,2016-05-03,0.740736333,-0.958663522,-1.275151046,0.169360094,-5.630165459
608,2016-05-02,-0.140876051,0.233312942,-0.260704492,1.138942239,-4.500671144
609,2016-05-01,0.043023786,0,-0.796797579,0.903521265,-4.722964798
610,2016-04-30,0.043023786,0,-0.796797579,1.198455095,-4.722964798
611,2016-04-29,0.043023786,-0.084096321,-0.796797579,1.079576109,-3.806621893
612,2016-04-28,0.639054167,-0.743890599,-0.778460426,1.67888509,-4.726986367
613,2016-04-27,-0.283126371,0.278085119,-0.436677947,3.06951385,-4.280168283
614,2016-04-26,0.05858127,0.059035098,-0.467966129,2.90959468,-4.368645163
615,2016-04-25,0.195887685,-0.305435461,-0.055442721,2.848877744,-4.770210079
616,2016-04-24,-0.067127943,0,0.835067635,3.163977114,-4.478453403
617,2016-04-23,-0.067127943,0,0.835067635,3.163977114,-4.478453403
618,2016-04-22,-0.067127943,-0.065627429,0.835067635,3.151961149,-4.294722666
619,2016-04-21,0.42786764,-0.401989039,0.718968781,2.512836312,-3.915184447
620,2016-04-20,-0.210638936,0.24657232,1.161836758,2.661712373,-3.339195062
621,2016-04-19,-0.320515768,0.473742731,1.897585007,2.681273108,-3.898374826
622,2016-04-18,-0.764814948,0.582847449,2.440179578,2.197121672,-3.536254201
623,2016-04-17,0.068606032,0,1.799908004,1.604919988,-4.095232691
624,2016-04-16,0.068606032,0,1.799908004,1.675285844,-4.095232691
625,2016-04-15,0.068606032,-0.180689247,1.799908004,2.549702099,-5.052876208
626,2016-04-14,-0.001656144,0.035950012,2.453027861,3.280983269,-5.058262907
627,2016-04-13,-0.728533923,0.975663867,1.468002516,3.023140743,-4.66580309
628,2016-04-12,-0.884085407,1.008755483,1.162362289,1.947661901,-5.451994333
629,2016-04-11,0.204576432,-0.045815428,-0.464172455,0.929529736,-6.633496799
630,2016-04-10,-0.155050545,0,-0.911865827,0.975792227,-6.590700929
631,2016-04-09,-0.155050545,0,-0.911865827,2.284857612,-6.590700929
632,2016-04-08,-0.155050545,0.459723649,-0.911865827,2.199459208,-6.14317694
633,2016-04-07,0.717695914,-0.925836557,-1.077010621,2.155262208,-6.102762339
634,2016-04-06,-0.638572918,0.671506654,-0.26987867,2.376728787,-4.993283246
635,2016-04-05,0.391633737,-0.6153095,-0.431546139,2.330611521,-5.458721541
636,2016-04-04,0.530056376,-0.495390491,0.799638286,2.964159778,-4.309131134
637,2016-04-03,-0.671558725,0,1.425567471,3.476773876,-3.832727612
638,2016-04-02,-0.671558725,0,1.425567471,3.949176782,-3.832727612
639,2016-04-01,-0.671558725,0.292292902,1.425567471,4.407287925,-3.832727612
640,2016-03-31,0.093879684,-0.117471147,1.129971742,4.365178412,-3.718021474
641,2016-03-30,-0.242792389,0.508313152,1.23711709,6.375817446,-3.766686667
642,2016-03-29,-0.80316627,0.613602653,0.035336106,5.516546824,-4.903632459
643,2016-03-28,-0.028927463,0.122497036,-0.830606941,4.873043049,-4.427531362
644,2016-03-27,-0.317323725,0,-0.688794038,4.744733855,-4.544461567
645,2016-03-26,-0.317323725,0,-0.688794038,4.719997691,-4.544461567
646,2016-03-25,-0.317323725,0,-0.688794038,5.562179275,-4.520854398
647,2016-03-24,-0.317323725,-0.011647442,-0.620016679,5.792359655,-4.805393501
648,2016-03-23,0.702609299,-0.684816235,0.24633591,4.739237734,-6.199833685
649,2016-03-22,0.038248776,-0.257346084,1.473673968,6.511607948,-5.576450132
650,2016-03-21,-0.328446102,0.265672884,1.517984702,6.786418615,-5.370364098
651,2016-03-20,-0.077672923,0,1.169572897,6.503467781,-5.621103234
652,2016-03-19,-0.077672923,0,1.169572897,6.138232215,-5.621103234
653,2016-03-18,-0.077672923,0.069254379,1.169572897,6.044171694,-4.935412671
654,2016-03-17,-0.830368033,0.860008651,2.410226917,8.082046008,-5.489307027
655,2016-03-16,-0.543137737,0.531121522,1.452225921,8.790377443,-5.443358539
656,2016-03-15,-0.133262039,-0.213791239,1.33633118,8.215620989,-6.159181247
657,2016-03-14,0.009870107,-0.078440961,0.831348173,8.447472184,-4.896262026
658,2016-03-13,-0.940319653,0,1.54236206,8.532606203,-4.821603177
659,2016-03-12,-0.940319653,0,1.54236206,10.82178509,-4.821603177
660,2016-03-11,-0.940319653,1.296415068,1.54236206,9.551615044,-5.348092318
661,2016-03-10,0.231354819,-0.083490759,0.700438135,7.577160186,-5.701829242
662,2016-03-09,-0.253413129,0.416279012,1.228748516,6.793325557,-5.488042854
663,2016-03-08,0.524533348,-0.711049618,1.062982097,4.802656653,-7.445838632
664,2016-03-07,-0.688039771,0.626157533,3.625826945,5.553192223,-6.632728581
665,2016-03-06,-0.355953825,0,2.668392847,4.896375665,-7.213716883
666,2016-03-05,-0.355953825,0,2.668392847,3.706722018,-7.213716883
667,2016-03-04,-0.355953825,0.456530377,2.668392847,4.497905735,-8.39823066
668,2016-03-03,-0.363229932,0.440706851,2.1776749,5.005167551,-8.639378388
669,2016-03-02,-0.302275185,0.251843047,2.547476802,2.588772883,-9.44431332
670,2016-03-01,-1.501207116,1.806807758,2.512911923,1.876368794,-10.23420064
671,2016-02-29,0.332343089,-0.303561603,-0.320404308,0.068326507,-11.29700751
672,2016-02-28,0.343483494,0,0.978707332,0.373020457,-11.0269194
673,2016-02-27,0.343483494,0,0.978707332,2.608868642,-11.0269194
674,2016-02-26,0.343483494,-0.023615664,0.978707332,3.75766985,-11.28848258
675,2016-02-25,-0.75544765,0.80422231,0.656188622,2.902383604,-11.22357095
676,2016-02-24,-0.506703216,0.21805194,-0.235343296,3.700064504,-11.76557012
677,2016-02-23,0.974106664,-1.006992723,1.530885261,1.826239238,-11.80491029
678,2016-02-22,-0.569582606,0.995769545,4.12369764,2.862052623,-10.88820945
679,2016-02-21,0.066112343,0,3.097088233,1.847882427,-11.76680869
680,2016-02-20,0.066112343,0,3.097088233,3.992952341,-11.76680869
681,2016-02-19,0.066112343,-0.342933027,3.097088233,4.969647504,-11.34814807
682,2016-02-18,0.317114541,-0.088620772,5.633874163,3.996044391,-11.17673451
683,2016-02-17,-1.558401756,1.992307385,4.515787403,4.323387922,-11.28112474
684,2016-02-16,-1.065507549,1.521009412,1.931835977,1.895480287,-12.8914509
685,2016-02-15,-1.733129053,0,-0.410120399,0.368860473,-14.19652976
686,2016-02-14,-1.733129053,0,-1.859670295,0.368860473,-14.19652976
687,2016-02-13,-1.733129053,0,-1.859670295,-1.970277171,-14.19652976
688,2016-02-12,-1.733129053,2.109208441,-1.859670295,-0.520525121,-13.92294555
689,2016-02-11,0.829646789,-1.146137512,-4.976936563,-4.705713972,-15.14379014
690,2016-02-10,0.838225136,-0.529255861,-3.141873586,-2.958203029,-14.06112617
691,2016-02-09,0.315088318,-0.811507932,-1.707143407,-2.657307154,-13.09157256
692,2016-02-08,0.857829407,-1.455519277,-2.756721578,-1.860900578,-12.61310493
693,2016-02-07,1.051913626,0,-1.758886994,-0.411368853,-11.32238515
694,2016-02-06,1.051913626,0,-1.758886994,-1.075044163,-11.32238515
695,2016-02-05,1.051913626,-1.134122737,-1.758886994,-3.420714138,-11.61029911
696,2016-02-04,-0.781469046,0.762904952,1.581531364,-3.706203597,-9.665575916
697,2016-02-03,-0.617832108,0.944174236,1.941116754,-4.44816182,-10.53138214
698,2016-02-02,1.61597387,-1.870649763,0.131512987,-6.590551998,-10.12154038
699,2016-02-01,0.170742009,-0.444332771,3.658321083,-4.80987821,-7.240563709
700,2016-01-31,-2.021326077,0,2.462469148,-4.385029562,-6.826563597
701,2016-01-30,-2.021326077,0,2.462469148,-4.385029562,-6.826563597
702,2016-01-29,-2.021326077,2.227539009,2.462469148,-5.367044819,-7.524015899
703,2016-01-28,-0.717774283,1.11959251,2.340801901,-8.102884737,-8.775570484
704,2016-01-27,0.733903016,-0.847732345,2.158224344,-8.599266674,-10.93898101
705,2016-01-26,-1.358036643,1.585638638,1.725976537,-7.90493846,-11.03035287
706,2016-01-25,1.490462893,-1.59285453,0.364325056,-9.342439763,-12.32170243
707,2016-01-24,-1.255373988,0,1.599925472,-7.875022892,-10.90250901
708,2016-01-23,-1.255373988,0,1.599925472,-7.875022892,-10.90250901
709,2016-01-22,-1.255373988,2.106150725,1.599925472,-7.938738464,-11.19616493
710,2016-01-21,-0.924115076,0.93919361,-2.814770073,-8.738939272,-11.73433222
711,2016-01-20,0.666083277,-1.267261467,-2.295144903,-8.947370239,-11.8442835
712,2016-01-19,0.208891664,0.225865648,-3.204927864,-7.294694772,-10.65903683
713,2016-01-18,1.328931776,-0.381349249,-2.779232697,-7.503612337,-10.85319135
714,2016-01-17,1.402205569,0,-2.622575871,-7.149527759,-10.51192927
715,2016-01-16,1.402205569,0,-2.622575871,-8.308482391,-10.51192927
716,2016-01-15,1.402205569,-2.330541199,-2.622575871,-9.535253994,-9.217082208
717,2016-01-14,-1.379055183,1.478890287,-0.963427196,-5.953027357,-7.625869192
718,2016-01-13,2.419529576,-2.186615609,-4.720818352,-6.209862129,-9.736830882
719,2016-01-12,-0.352759912,0.666649106,-3.980270952,-4.016994199,-7.990113581
720,2016-01-11,0.404371263,-0.22082859,-4.62901234,-4.652626611,-9.239806573
721,2016-01-10,0.842587041,0,-5.678780724,-4.441606357,-9.038938543
722,2016-01-09,0.842587041,0,-5.678780724,-6.185239453,-9.038938543
723,2016-01-08,0.842587041,-0.66641674,-5.678780724,-5.714021552,-9.718871571
724,2016-01-07,1.865000307,-2.371161003,-5.045991314,-5.464496774,-7.655990929
725,2016-01-06,1.019603893,-1.426371386,-3.738707932,-3.933528904,-4.59117317
726,2016-01-05,0.057879325,-0.013488427,-3.056582614,-3.781154923,-4.098270432
727,2016-01-04,0.724708585,-1.319118774,-2.487560628,-3.768174764,-6.04447074
728,2016-01-03,0.766389617,0,-1.277461243,-2.481793798,-4.788518209
729,2016-01-02,0.766389617,0,-1.277461243,-1.063989791,-4.788518209
730,2016-01-01,0.766389617,0,-1.277461243,-2.369583688,-4.494323875
731,2015-12-31,0.766389617,-1.02705178,-1.277461243,-3.344240392,-4.494323875
732,2015-12-30,0.631180661,-0.727860423,-0.321995104,-1.311714842,-4.066479775
733,2015-12-29,-0.524718065,0.573395396,1.632462678,-0.641004216,-3.652891334
734,2015-12-28,-0.051005494,-0.094519385,1.769150418,-1.207476,-4.102974797
735,2015-12-27,0.057956737,0,2.400036949,-1.11400957,-4.012247764
736,2015-12-26,0.057956737,0,2.400036949,-1.228165702,-4.012247764
737,2015-12-25,0.057956737,0,2.400036949,-1.172124428,-3.857238274
738,2015-12-24,0.057956737,-0.069162103,1.12188516,-1.146750898,-3.857238274
739,2015-12-23,-0.959032534,1.218639267,-0.162008442,-0.955110864,-3.71975554
740,2015-12-22,-0.643613421,0.708658773,0.151988015,-2.369616257,-4.36043712
741,2015-12-21,-0.273980643,0.524813899,0.642363152,-3.056614066,-4.686989652
742,2015-12-20,1.089751352,0,0.217371028,-3.562730262,-5.184594081
743,2015-12-19,1.089751352,0,0.217371028,-3.33655242,-5.184594081
744,2015-12-18,1.089751352,-1.248194656,0.217371028,-3.171249232,-4.759520615
745,2015-12-17,1.336843729,-1.337933578,-0.367667964,-0.677611639,-1.773020011
746,2015-12-16,-1.281231338,1.536977944,1.490648214,0.584247877,1.624659376
747,2015-12-15,-0.82861648,1.201759542,-0.448977946,0.568044678,0.006803626
748,2015-12-14,-0.10481493,0.100318162,-2.408345296,-0.626189571,-1.671689933
749,2015-12-13,1.484714392,0,-3.744341444,-0.725779644,-1.770232231
750,2015-12-12,1.484714392,0,-3.744341444,-1.661787281,-1.770232231
751,2015-12-11,1.484714392,-1.824678115,-3.744341444,-3.103455681,-3.25240086
752,2015-12-10,-0.529871983,0.50228546,-0.529884009,-1.685209609,-1.069817283
753,2015-12-09,0.329757445,-0.403533641,-2.333092825,-2.30955892,-3.40723986
754,2015-12-08,0.39092494,-0.790097692,-2.916348629,-2.732164806,-2.952110338
755,2015-12-07,1.14447159,-1.270020725,-1.111576881,-1.957533541,-3.401568883
756,2015-12-06,-1.44604313,0,0.107214878,-0.69635669,-2.158967493
757,2015-12-05,-1.44604313,0,0.107214878,-0.542068764,-2.158967493
758,2015-12-04,-1.44604313,1.453886471,0.107214878,-0.860828994,-2.249135131
759,2015-12-03,1.537172641,-1.319634675,-1.441282916,-2.555977259,-4.114836557
760,2015-12-02,0.954339027,-0.998312555,-0.066606853,-0.741282472,-2.35440856
761,2015-12-01,-0.944017369,1.054200768,0.967016919,1.193815147,-1.0195814
762,2015-11-30,0.117556625,-0.053181774,0.038185165,0.138157917,-2.671250071
763,2015-11-29,0.063419802,0,-0.135702322,0.191441503,-2.619461374
764,2015-11-28,0.063419802,0,-0.135702322,-0.806378247,-2.619461374
765,2015-11-27,0.063419802,-0.115442169,-0.135702322,-1.106238832,-3.057485898
766,2015-11-26,-0.042471277,0.056738112,0.214202502,0.173363897,-3.22884137
767,2015-11-25,0.014520464,0.025674467,0.328653216,-0.254492364,-3.253565548
768,2015-11-24,-0.298343249,0.124566978,1.601790947,-0.763342153,-3.141041301
769,2015-11-23,0.190411112,-0.226910446,1.389676721,-0.886804466,-3.359092752
770,2015-11-22,-0.089466472,0,3.16552306,-0.661394794,-3.139305719
771,2015-11-21,-0.089466472,0,3.16552306,0.291031131,-3.139305719
772,2015-11-20,-0.089466472,0.234533643,3.16552306,1.906957616,-2.774848689
773,2015-11-19,-0.155422538,0.171008993,1.953710499,1.028897063,-2.61213822
774,2015-11-18,-1.151505385,1.294967496,0.287537083,0.96991682,-2.839320464
775,2015-11-17,0.131575831,-0.084463245,-1.378410227,-0.441118818,-3.659825533
776,2015-11-16,-1.582491617,1.52062127,-1.429235702,-0.356957071,-3.488938002
777,2015-11-15,0.792903611,0,-3.715813134,-1.849455133,-4.934523853
778,2015-11-14,0.792903611,0,-3.715813134,-1.56649697,-4.934523853
779,2015-11-13,0.792903611,-0.942850655,-3.715813134,-0.81320544,-4.800632379
780,2015-11-12,1.309097406,-1.466030713,-2.648335728,-0.266573965,-3.969877364
781,2015-11-11,0.505726064,-0.387714954,-1.516547768,0.61598607,-2.275852012
782,2015-11-10,-0.035750439,-0.135955567,-1.410884302,1.162497971,-1.739528119
783,2015-11-09,0.764986872,-0.834384934,-0.765194179,1.300221261,-1.392835323
784,2015-11-08,-0.18087165,0,1.002197191,2.152566889,-0.563149221
785,2015-11-07,-0.18087165,0,1.002197191,2.262078305,-0.563149221
786,2015-11-06,-0.18087165,0.155369855,1.002197191,3.040594907,-0.200067588
787,2015-11-05,0.307925169,-0.320497548,-0.158820077,3.993272644,-0.070376504
788,2015-11-04,0.429951967,-0.280840357,-0.140591263,4.52120913,0.94816392
789,2015-11-03,-0.525827927,0.518084453,1.319280074,6.613877274,0.837150856
790,2015-11-02,-0.868162353,0.931774135,0.423492036,6.064374241,0.078520177
791,2015-11-01,0.939048101,0,-0.985753949,5.085217365,-0.845376954
792,2015-10-31,0.939048101,0,-0.985753949,6.269377749,-0.845376954
793,2015-10-30,0.939048101,-0.995913159,-0.985753949,6.072084691,0.290303146
794,2015-10-29,0.158382781,-0.302298252,0.969126948,9.084432058,1.782486451
795,2015-10-28,-1.045911007,1.176980641,2.907065426,9.58599084,1.70083879
796,2015-10-27,0.202735912,-0.370620021,1.070084451,5.68960746,1.702869958
797,2015-10-26,0.455135216,-0.484604588,1.560220705,6.08277145,1.911028437
798,2015-10-25,-0.402649043,0,1.931693914,6.599356824,2.407298906
799,2015-10-24,-0.402649043,0,1.931693914,6.906638565,2.407298906
800,2015-10-23,-0.402649043,0.958767161,1.931693914,6.470398192,3.03207409
801,2015-10-22,-1.397994414,1.611237283,1.254755407,4.980117105,3.388147399
802,2015-10-21,0.742906087,-0.62911681,0.411765602,1.742889929,0.555918695
803,2015-10-20,-0.121897075,0.112529581,0.646380794,3.134469555,2.741524943
804,2015-10-19,-0.095984069,-0.120610664,-0.064001715,3.01854322,3.196336302
805,2015-10-18,-0.124690315,0,0.210109404,3.142944611,3.320952389
806,2015-10-17,-0.124690315,0,0.210109404,1.680978259,3.320952389
807,2015-10-16,-0.124690315,0.288289957,0.210109404,1.56618764,4.754375995
808,2015-10-15,-0.802781692,0.765279612,0.029164398,2.611165336,4.919054244
809,2015-10-14,0.446015419,-0.396933672,0.025209392,2.998900435,3.073173204
810,2015-10-13,0.364718389,-0.594084898,1.509780297,2.859783707,2.975198891
811,2015-10-12,-0.004824525,0.153345184,2.305904943,3.474510145,2.701989311
812,2015-10-11,0.011209333,0,3.90182224,3.316079912,2.544741888
813,2015-10-10,0.011209333,0,3.90182224,3.3982249,2.544741888
814,2015-10-09,0.011209333,0.107203783,3.90182224,3.865280015,1.250057306
815,2015-10-08,-0.851037074,0.761295502,4.960126224,2.57135183,-0.641842055
816,2015-10-07,-0.722445468,1.081371799,3.973716613,3.818760353,-0.128990957
817,2015-10-06,-0.149257804,0.185539477,4.7290669,2.708103882,-2.59171787
818,2015-10-05,-1.316625147,1.715683703,4.698293697,2.517892721,-2.996808358
819,2015-10-04,-1.518578524,0,0.440910817,0.788677802,-4.63300436
820,2015-10-03,-1.518578524,0,0.440910817,-0.503552246,-4.63300436
821,2015-10-02,-1.518578524,1.126857243,0.440910817,-0.339687885,-3.866336459
822,2015-10-01,0.332787498,-0.185653724,-0.391999655,-0.07035121,-5.038529743
823,2015-09-30,-1.34092357,1.815709722,-0.613943485,-2.703396287,-6.075503108
824,2015-09-29,-0.078511222,0.156101328,-2.829848668,-4.923629713,-7.900575212
825,2015-09-28,2.130105931,-2.420416278,-4.45802287,-5.071813872,-8.289792778
826,2015-09-27,0.174026258,0,-1.373372479,-2.71716428,-6.01496366
827,2015-09-26,0.174026258,0,-1.373372479,-2.44676306,-6.01496366
828,2015-09-25,0.174026258,0.288258532,-1.373372479,0.016389057,-5.123912236
829,2015-09-24,0.103106057,-0.408057328,-3.050788128,2.885074917,-6.885440716
830,2015-09-23,0.608972615,-0.454366854,-2.763456074,2.862138845,-5.993684103
831,2015-09-22,0.885275096,-1.52210518,-1.030130899,-0.244058399,-5.930997095
832,2015-09-21,-0.446607505,0.730019898,1.65134345,1.297800672,-5.237775286
833,2015-09-20,0.99223428,0,0.378321661,0.5636659,-5.924544827
834,2015-09-19,0.99223428,0,0.378321661,-2.189557045,-5.924544827
835,2015-09-18,0.99223428,-1.417417699,0.378321661,-4.332319783,-6.405130052
836,2015-09-17,0.092104982,-0.112892913,1.902515169,-3.899538818,-4.679536106
837,2015-09-16,-1.215615997,1.320119826,2.478505056,-4.109994391,-4.607596663
838,2015-09-15,-1.023784238,1.146039694,-0.009647283,-5.126409846,-5.422310314
839,2015-09-14,0.607122716,-0.531463775,0.821399056,-6.201379271,-6.626697934
840,2015-09-13,-0.280515497,0,1.360091223,-5.700210048,-6.127801202
841,2015-09-12,-0.280515497,0,1.360091223,-5.380358344,-6.127801202
842,2015-09-11,-0.280515497,0.079508425,1.360091223,-5.64530977,-6.368182447
843,2015-09-10,-0.550427353,0.451705158,-0.018958371,-5.879952226,-6.3236249
844,2015-09-09,1.499264932,-1.139907211,-0.304625066,-7.135872606,-6.669903022
845,2015-09-08,-1.266827386,1.986691254,2.256900815,-4.877855877,-5.890477857
846,2015-09-07,0.749743069,0,-2.558174771,-6.730826392,-7.919131694
847,2015-09-06,0.749743069,0,-3.052834509,-6.730826392,-7.919131694
848,2015-09-05,0.749743069,0,-3.052834509,-7.134054694,-7.919131694
849,2015-09-04,0.749743069,-1.282118266,-3.052834509,-7.884864655,-7.704115995
850,2015-09-03,-0.02881734,0.164693679,-1.52074579,-6.587220614,-6.75000139
851,2015-09-02,-1.001668123,1.400157325,0.799776765,-6.834263093,-6.851125203
852,2015-09-01,2.097815591,-2.815660697,2.553913698,-8.378135971,-8.185627842
853,2015-08-31,0.307410303,-0.507646215,5.071111986,-5.723633369,-5.525547823
854,2015-08-30,-0.438641308,0,1.952776618,-5.242601019,-5.043504769
855,2015-08-29,-0.438641308,0,1.952776618,-5.184374587,-5.043504769
856,2015-08-28,-0.438641308,0.277953678,1.952776618,-4.96057585,-4.763475869
857,2015-08-27,-2.10372243,2.524931201,-1.113336394,-4.289752094,-5.27456256
858,2015-08-26,-2.263677452,3.164742195,-5.66165454,-5.821750562,-7.612371615
859,2015-08-25,1.651038115,-0.430259266,-9.443969598,-9.587049682,-10.29648738
860,2015-08-24,2.170091779,-3.460413344,-9.354278969,-9.196358602,-9.523556898
861,2015-08-23,2.347865296,0,-5.874009627,-5.941547355,-6.280473911
862,2015-08-22,2.347865296,0,-5.874009627,-6.715354827,-6.280473911
863,2015-08-21,2.347865296,-2.737790951,-5.874009627,-7.184043544,-6.415326795
864,2015-08-20,2.021501103,-2.190730022,-2.896249739,-5.001940047,-3.618596837
865,2015-08-19,0.893793741,-0.971450315,-0.99931947,-3.483947669,-1.084436531
866,2015-08-18,0.199415275,-0.331641066,-0.197465464,-3.006334362,0.528283201
867,2015-08-17,-0.331737968,0.246146214,-0.755278006,-2.683593193,1.572713826
868,2015-08-16,-0.320064794,0,0.252311803,-2.922545672,1.323310333
869,2015-08-15,-0.320064794,0,0.252311803,-3.09859327,1.323310333
870,2015-08-14,-0.320064794,0.339186019,0.252311803,-2.564526665,1.255099121
871,2015-08-13,0.250560806,-0.280017363,-0.518533752,-2.767264104,1.222732007
872,2015-08-12,-0.139884404,-0.169370583,-1.045740293,-2.040068555,1.873042552
873,2015-08-11,0.601190349,-0.888703678,-0.770269402,-0.783344195,2.013553485
874,2015-08-10,-1.036323319,1.263903061,0.019171369,0.106304213,3.245052415
875,2015-08-09,0.365257118,0,-1.505922212,-1.143150534,1.956422075
876,2015-08-08,0.365257118,0,-1.505922212,-0.009375932,1.956422075
877,2015-08-07,0.365257118,-0.432327516,-1.505922212,-0.223146485,2.825197169
878,2015-08-06,0.823986478,-0.808487933,-1.01747096,-1.303336056,2.755540738
879,2015-08-05,0.09773217,0.108539963,0.024852015,-0.138870999,3.676489615
880,2015-08-04,0.078200607,-0.100205133,0.901331659,-0.652786364,2.973695255
881,2015-08-03,0.19348973,-0.280170205,1.895255001,-0.553135501,3.40531983
882,2015-08-02,0.116312748,0,1.20075598,-0.273732212,3.695844691
883,2015-08-01,0.116312748,0,1.20075598,-0.161503437,3.695844691
884,2015-07-31,0.116312748,0.061447901,1.20075598,-0.028857503,3.131184974
885,2015-07-30,-0.27298103,0.236035712,0.306553374,0.365604148,1.359645602
886,2015-07-29,-0.951408509,0.985752932,-0.432430438,0.436877099,1.295108964
887,2015-07-28,-0.711971437,0.883852623,-1.849160321,-2.620765106,0.099145577
888,2015-07-27,0.637884257,-0.959841935,-3.319877555,-3.473913454,-0.757039529
889,2015-07-26,0.859115328,0,-2.85284018,-2.538436497,0.204767853
890,2015-07-25,0.859115328,0,-2.85284018,-2.698216092,0.204767853
891,2015-07-24,0.859115328,-0.822687861,-2.85284018,-3.04288116,-0.039501755
892,2015-07-23,0.612062799,-0.502428578,-2.224628071,-2.695988654,0.781010054
893,2015-07-22,0.18607097,-0.451156039,-1.189291418,-1.848954074,1.481596884
894,2015-07-21,0.684533228,-0.627816775,-0.612040833,-0.684828596,2.384385582
895,2015-07-20,0.482425615,-0.48140382,0.481729655,-0.057372012,2.826408108
896,2015-07-19,0.280647433,0,2.089900947,0.426082988,3.323812891
897,2015-07-18,0.280647433,0,2.089900947,-0.185848071,3.323812891
898,2015-07-17,0.280647433,-0.181347563,2.089900947,0.582338315,4.059821721
899,2015-07-16,-0.245324174,0.551144326,3.448356011,0.827442105,3.525170892
900,2015-07-15,-0.091289507,0.130406722,2.661380778,0.648333504,3.600053266
901,2015-07-14,-0.47474409,0.465780098,0.979250996,0.205026516,3.163948121
902,2015-07-13,-0.705562855,1.111352893,0.874755098,-0.259544674,3.197771673
903,2015-07-12,-0.802993619,0,-0.639694366,-1.355829516,2.063486166
904,2015-07-11,-0.802993619,0,-0.639694366,-2.036385276,2.063486166
905,2015-07-10,-0.802993619,1.146885226,-0.639694366,-2.0599791,2.228104917
906,2015-07-09,0.530488387,-0.213790597,-1.655772845,-2.205200837,0.539376503
907,2015-07-08,1.286321277,-1.510252482,-1.314131097,-1.834857848,1.262976193
908,2015-07-07,-0.329372632,0.361815552,0.656303163,-1.220330171,2.210719803
909,2015-07-06,0.057290545,-0.406648653,0.601544056,-1.576441911,1.504980844
910,2015-07-05,0.010758745,0,-1.097432761,-1.17456963,1.919434853
911,2015-07-04,0.010758745,0,-1.097432761,-1.45070304,1.919434853
912,2015-07-03,0.010758745,0.112536825,-1.097432761,-2.338452455,1.940216048
913,2015-07-02,-0.000631177,0.132860508,-1.370569182,-2.105712873,2.164019138
914,2015-07-01,-0.319484131,0.456265875,-1.850339216,-2.251050645,2.251800837
915,2015-06-30,-0.049458476,0.307216652,-2.75323812,-2.43620798,2.299835176
916,2015-06-29,1.739964248,-2.088598932,-2.698477143,-2.735022189,2.082311726
917,2015-06-28,0.143595618,0,0.102115988,-0.660212448,4.259882519
918,2015-06-27,0.143595618,0,0.102115988,-1.273389496,4.259882519
919,2015-06-26,0.143595618,-0.163941136,0.102115988,-1.399336268,4.510699695
920,2015-06-25,0.451401721,-0.354222764,-0.344464611,-0.564090119,4.768957822
921,2015-06-24,0.428274614,-0.467851963,0.779484913,-1.206549106,5.419255623
922,2015-06-23,-0.279059863,0.363701014,1.31587091,-0.774889062,5.105288288
923,2015-06-22,-0.636563419,0.729548095,1.324780162,-1.134464018,4.689373905
924,2015-06-21,0.402750601,0,0.278466451,-1.85051174,3.931146208
925,2015-06-20,0.402750601,0,0.278466451,-2.001700117,3.931146208
926,2015-06-19,0.402750601,-0.609334788,0.278466451,-1.626775611,4.024688838
927,2015-06-18,-0.704419419,0.769616704,0.197171747,-1.207496308,4.708115526
928,2015-06-17,0.034130229,0.061895242,-0.592020429,-1.921870242,4.431802434
929,2015-06-16,-0.430006005,0.372526536,0.336882386,-1.830405672,4.540747
930,2015-06-15,0.041384074,-0.31061905,0.128523611,-2.194756159,4.306526002
931,2015-06-14,0.54135015,0,-0.457118572,-1.890007833,4.631531472
932,2015-06-13,0.54135015,0,-0.457118572,-1.64883207,4.631531472
933,2015-06-12,0.54135015,-0.68990976,-0.457118572,-0.837733578,5.053192642
934,2015-06-11,0.07066625,-0.024084273,-0.045661918,-0.311299986,5.392637838
935,2015-06-10,-0.841735275,0.996908473,-0.922206024,-0.707142473,5.066137919
936,2015-06-09,-0.18815189,0.164093742,-1.55572594,-1.988599064,4.13090406
937,2015-06-08,0.843080576,-0.89369273,-1.73253163,-2.149166159,4.145606976
938,2015-06-07,0.211869323,0,-0.582674104,-1.266794681,5.084741672
939,2015-06-06,0.211869323,0,-0.582674104,-0.195895806,5.084741672
940,2015-06-05,0.211869323,-0.279415339,-0.582674104,0.256562278,5.53151767
941,2015-06-04,0.692036145,-0.900817603,-0.919483599,-0.126957003,6.273799886
942,2015-06-03,-0.240984174,0.351117419,-0.146382894,-0.308239772,7.520623649
943,2015-06-02,-0.048777688,-0.01580074,0.18263049,-0.431796891,7.226402163
944,2015-06-01,-0.11630823,0.265980305,-0.801555854,-0.416061892,7.526680083
945,2015-05-31,0.585278773,0,-1.097317599,-0.680232912,7.241438976
946,2015-05-30,0.585278773,0,-1.097317599,0.274991646,7.241438976
947,2015-05-29,0.585278773,-0.617252224,-1.097317599,-0.767945867,7.332600954
948,2015-05-28,0.077713276,-0.127571251,-0.636341798,-0.429599766,8.220781973
949,2015-05-27,-0.593049554,0.681770044,-0.128786711,-0.117580068,8.05997952
950,2015-05-26,0.944799506,-0.998037711,-0.9892919,-1.15219226,7.541049082
951,2015-05-25,0.14836915,-0.032964316,0.049783753,-0.15570858,8.647244082
952,2015-05-24,0.125751012,0,0.238113641,-0.122784739,8.683070713
953,2015-05-23,0.125751012,0,0.238113641,0.069323901,8.683070713
954,2015-05-22,0.125751012,-0.154038885,0.238113641,0.400235246,8.999277775
955,2015-05-21,-0.348267694,0.382582664,0.639544823,0.751272607,9.430592087
956,2015-05-20,0.261178052,-0.185719022,1.082790244,0.032709431,9.999017292
957,2015-05-19,-0.012505048,0.040946159,1.106110517,1.073038019,9.703154358
958,2015-05-18,-0.407543941,0.155209809,0.639177939,1.031669431,9.845064581
959,2015-05-17,-0.242722435,0,0.175196562,0.875101379,9.674838474
960,2015-05-16,-0.242722435,0,0.175196562,-0.132172707,9.674838474
961,2015-05-15,-0.242722435,0.245821814,0.175196562,-0.318278764,9.67071516
962,2015-05-14,-0.679555081,0.82469635,1.013422808,-0.115778796,8.518451989
963,2015-05-13,0.232622254,-0.1626914,0.641377524,-0.791166715,7.210836594
964,2015-05-12,0.262405089,-0.421067232,0.13917228,-0.881386388,7.477383971
965,2015-05-11,0.326336876,-0.306540307,-0.524167327,-0.462265605,8.872608598
966,2015-05-10,-0.800960895,0,0.007951941,-0.156204127,9.207373215
967,2015-05-09,-0.800960895,0,0.007951941,0.32214754,9.207373215
968,2015-05-08,-0.800960895,1.084639025,0.007951941,0.82674933,9.336239107
969,2015-05-07,-0.480593929,0.45334617,-0.113611518,-0.010934605,7.88124052
970,2015-05-06,0.654401121,-0.660884302,-1.598606207,-0.284693097,7.856412934
971,2015-05-05,1.043714233,-1.080695713,-1.219724789,0.974115433,7.73314853
972,2015-05-04,-0.165473942,0.226743098,0.044586361,2.077260006,8.814146651
973,2015-05-03,-0.84751667,0,-0.542210381,1.846330481,8.567976259
974,2015-05-02,-0.84751667,0,-0.542210381,1.846330481,8.567976259
975,2015-05-01,-0.84751667,0.961766813,-0.542210381,2.265855142,8.710944042
976,2015-04-30,0.909764448,-1.040077387,-1.300170687,1.121539868,7.683596978
977,2015-04-29,0.022975564,-0.278392311,0.066986078,1.490361845,9.199324605
978,2015-04-28,-0.19263468,0.185394901,0.542078682,2.910835751,10.02871487
979,2015-04-27,0.521540895,-0.361122057,0.021485925,2.720397372,10.09181354
980,2015-04-26,-0.065526463,0,1.23960554,3.092687807,10.49082026
981,2015-04-25,-0.065526463,0,1.23960554,3.118183725,10.49082026
982,2015-04-24,-0.065526463,0.19234481,1.23960554,2.810879388,9.749265625
983,2015-04-23,-0.433551844,0.330682104,0.036277163,1.098616304,9.673108151
984,2015-04-22,-0.169823886,0.195060523,-0.479240147,0.740432875,9.093760851
985,2015-04-21,0.423688649,-0.333350997,-0.226545067,0.504444063,9.397210597
986,2015-04-20,-0.701363028,0.852337936,0.250265562,0.840597199,9.962811627
987,2015-04-19,0.828796525,0,-0.848953405,-0.011641512,9.033477932
988,2015-04-18,0.828796525,0,-0.848953405,0.714803448,9.033477932
989,2015-04-17,0.828796525,-0.998535884,-0.848953405,0.197331092,9.033477932
990,2015-04-16,0.08843269,-0.186352364,0.630915098,2.12795318,10.28101864
991,2015-04-15,-0.266206942,0.449467733,1.325893129,2.083365318,11.62772018
992,2015-04-14,-0.165264647,0.142949214,1.119452274,2.774094711,11.53423331
993,2015-04-13,0.285723245,-0.253482603,1.155164461,2.627389665,12.02621636
994,2015-04-12,-0.387546841,0,2.013778973,2.888193335,12.31090497
995,2015-04-11,-0.387546841,0,2.013778973,2.319056658,12.31090497
996,2015-04-10,-0.387546841,0.47910004,2.013778973,3.25818805,11.49081244
997,2015-04-09,-0.497948289,0.502981448,1.527361344,2.912826091,9.266224519
998,2015-04-08,-0.228473932,0.244812503,1.435371012,0.694065752,9.71547004
999,2015-04-07,-0.132180978,0.178316531,1.017700038,0.610105793,9.905940535
1000,2015-04-06,-0.691296868,0.593175181,0.153059469,0.431020681,8.643960958
1001,2015-04-05,-0.437902492,0,0.674916875,-0.161198311,8.003312116
1002,2015-04-04,-0.437902492,0,0.674916875,-1.435744851,8.003312116
1003,2015-04-03,-0.437902492,0,0.674916875,-1.24643061,7.122341473
1004,2015-04-02,-0.437902492,0.41191927,0.699814852,-1.685122,6.839562131
1005,2015-04-01,0.214316736,-0.167956219,-0.012151676,-2.698056178,6.782166994
1006,2015-03-31,0.491527267,-0.679139506,-1.322545266,-1.9481611,7.54930892
1007,2015-03-30,-0.883575887,1.117325853,-0.672425334,-1.277698952,9.07516649
1008,2015-03-29,-0.071104136,0,-1.808923724,-2.36856027,7.869908119
1009,2015-03-28,-0.071104136,0,-1.808923724,-2.655577298,7.869908119
1010,2015-03-27,-0.071104136,0.024731063,-1.808923724,-2.607354191,8.325262706
1011,2015-03-26,0.226961244,-0.298011782,-1.119990628,-2.447611505,8.191812328
1012,2015-03-25,1.557331835,-1.476307908,-1.333999511,-1.986394045,7.665077206
1013,2015-03-24,0.014033239,-0.024780602,1.054797819,-0.495901208,9.660576678
1014,2015-03-23,0.098417359,-0.039650731,0.847433298,-0.471237381,9.262033523
1015,2015-03-22,-0.514388324,0,2.026597954,-0.431757845,9.305373903
1016,2015-03-21,-0.514388324,0,2.026597954,0.040686844,9.305373903
1017,2015-03-20,-0.514388324,0.726529539,2.026597954,-0.109614522,9.002298205
1018,2015-03-19,0.45194383,-0.513799698,0.730391233,-1.034445055,8.686397562
1019,2015-03-18,-1.020380143,0.909044002,2.179941353,-0.383015769,8.696569958
1020,2015-03-17,0.060754921,-0.229929828,1.404282983,-1.280420188,8.578837103
1021,2015-03-16,-1.048647978,1.129141641,-0.053097649,-1.052911317,9.54103614
1022,2015-03-15,0.424221689,0,-1.009696854,-2.157689587,8.317972805
1023,2015-03-14,0.424221689,0,-1.009696854,-1.845719553,8.317972805
1024,2015-03-13,0.424221689,-0.553160338,-1.009696854,-1.196942096,8.077785395
1025,2015-03-12,-0.912837354,0.917846023,-1.729819762,-0.532988152,7.529185468
1026,2015-03-11,-0.101214393,0.143033144,-2.436552579,-0.853200591,6.717262697
1027,2015-03-10,1.361565508,-1.663823581,-3.008686833,-1.257603629,6.163395348
1028,2015-03-09,-0.106956784,0.161227136,-1.98172357,0.413093092,7.861287876
1029,2015-03-08,1.150845914,0,-1.550930971,0.251460533,7.687666136
1030,2015-03-07,1.150845914,0,-1.550930971,-0.074030791,7.687666136
1031,2015-03-06,1.150845914,-1.276604404,-1.550930971,0.966292564,7.813455923
1032,2015-03-05,-0.02624421,0.192071903,-0.571037148,2.064438957,9.28690205
1033,2015-03-04,0.335947798,-0.444228389,-0.712484809,3.301647307,9.031587111
1034,2015-03-03,0.544845078,-0.622620639,-0.081171236,5.085357875,10.7418775
1035,2015-03-02,-0.555226403,0.601438054,0.719155044,5.743740226,10.84322154
1036,2015-03-01,0.275583572,0,0.138980712,5.111559309,10.18055376
1037,2015-02-28,0.275583572,0,0.138980712,4.324743863,10.18055376
1038,2015-02-27,0.275583572,-0.293980125,0.138980712,5.20525357,10.29568805
1039,2015-02-26,0.065152794,0.049538644,0.910791188,4.166449562,11.03382714
1040,2015-02-25,-0.11964695,0.188790876,0.709292557,3.12634622,11.0483529
1041,2015-02-24,-0.160447608,0.173368759,0.312408045,3.046453926,10.61651199
1042,2015-02-23,-0.140040711,0.021941809,0.280051112,2.868112755,10.92901964
1043,2015-02-22,-0.467793707,0,0.258052682,2.845546582,10.90468515
1044,2015-02-21,-0.467793707,0,0.258052682,2.506578525,10.90468515
1045,2015-02-20,-0.467793707,0.474493352,0.258052682,4.031229595,10.7759827
1046,2015-02-19,0.099707335,-0.150240238,0.102744438,4.382190379,10.93456234
1047,2015-02-18,0.156855452,-0.206042396,0.916017264,4.602175117,10.81248156
1048,2015-02-17,-0.190108837,0.141056676,1.240790534,4.826589307,11.13184224
1049,2015-02-16,-0.163939311,0,1.697659562,4.678932684,10.97530417
1050,2015-02-15,-0.163939311,0,1.427720043,4.678932684,10.97530417
1051,2015-02-14,-0.163939311,0,1.427720043,6.193583821,10.97530417
1052,2015-02-13,-0.163939311,0.318849823,1.427720043,5.536645711,11.56568872
1053,2015-02-12,-0.485495989,0.660977244,0.777082152,4.317378442,11.8767768
1054,2015-02-11,-0.164928993,0.115119803,1.15763743,3.327929078,11.13726268
1055,2015-02-10,-0.461055102,0.592962938,0.83635394,2.48600978,12.07936601
1056,2015-02-09,0.203937412,-0.265433364,1.651943337,1.881887944,11.54591956
1057,2015-02-08,0.386581193,0,3.22178952,2.153036184,11.84278763
1058,2015-02-07,0.386581193,0,3.22178952,1.389443257,11.84278763
1059,2015-02-06,0.386581193,-0.324674895,3.22178952,3.015028483,12.8952476
1060,2015-02-05,-0.90154251,1.041094085,2.782830043,4.248755986,14.59673508
1061,2015-02-04,0.036080249,-0.202852581,2.582347118,2.228377668,13.50301585
1062,2015-02-03,-1.191905611,1.406583728,1.476695995,0.343827175,14.18938192
1063,2015-02-02,-1.110577009,1.274802107,-0.880973983,-1.048015339,10.42754027
1064,2015-02-01,0.568462654,0,-2.019832327,-2.293578855,9.037527568
1065,2015-01-31,0.568462654,0,-2.019832327,-1.991675398,9.037527568
1066,2015-01-30,0.568462654,-0.748552729,-2.019832327,-1.991675398,8.358722964
1067,2015-01-29,-0.847289952,0.844008501,-1.606235398,-1.828862833,10.08642289
1068,2015-01-28,1.513943464,-1.278484316,-0.978506868,-2.942431131,8.245481689
1069,2015-01-27,0.577039679,-0.949457289,1.119789158,-1.583672336,10.33520013
1070,2015-01-26,-0.119106474,0.111174314,2.150531286,-0.640294368,10.67137622
1071,2015-01-25,0.3479032,0,2.045312573,-0.75063417,10.54847471
1072,2015-01-24,0.3479032,0,2.045312573,-0.590357539,10.54847471
1073,2015-01-23,0.3479032,-0.329589436,2.045312573,-0.590357539,8.524619855
1074,2015-01-22,-1.336465138,1.487368997,3.864181932,-0.188085806,8.07182079
1075,2015-01-21,-0.848372117,0.813455096,1.708867874,-1.114802894,6.527702405
1076,2015-01-20,0.158005905,0.060192434,0.040589651,-1.554878259,5.525237409
1077,2015-01-19,-0.763467347,0.008056213,-0.313324623,-1.614099127,5.757708601
1078,2015-01-18,-1.456501988,0,-1.019724886,-1.622024666,5.749189221
1079,2015-01-17,-1.456501988,0,-1.019724886,-1.1809796,5.749189221
1080,2015-01-16,-1.456501988,1.446949351,-1.019724886,0.645603279,5.952606584
1081,2015-01-15,0.86574614,-0.618623165,-3.160815409,1.268489954,4.428136359
1082,2015-01-14,0.510819022,-0.840136131,-0.99572145,1.817868731,5.746813546
1083,2015-01-13,0.478477675,-0.293791189,0.710788587,2.170418432,7.285554428
1084,2015-01-12,0.724631204,-0.700621422,0.081180911,2.471470584,6.621861277
1085,2015-01-11,0.847856848,0,-1.271347236,3.194473169,7.374147556
1086,2015-01-10,0.847856848,0,-1.271347236,1.637393128,7.374147556
1087,2015-01-09,0.847856848,-0.747499003,-1.271347236,2.033895095,7.770411461
1088,2015-01-08,-1.249146419,1.603308169,-0.22043392,0.877592684,8.546069556
1089,2015-01-07,-0.559121875,0.869055688,-1.794963295,-0.648984396,6.719445344
1090,2015-01-06,0.901133922,-0.917118593,-3.209326471,-2.735724784,6.560713804
1091,2015-01-05,1.826597247,-2.04258405,-2.606365794,-1.835439347,7.185029513
1092,2015-01-04,-0.234702991,0,-0.472564736,0.211464034,9.420025501
1093,2015-01-03,-0.234702991,0,-0.472564736,0.119111871,9.420025501
1094,2015-01-02,-0.234702991,0.308990396,-0.472564736,-0.363954737,9.333643057
1095,2015-01-01,0.613480533,0,-0.618917055,-0.182061108,8.357102668
